inter_arrival_time,request_rate_1min,path_frequency_rank,unique_paths_per_ip,body_bytes,body_bytes_rolling_mean,direction_encoded,process_encoded,method_GET,method_POST,method_PUT,method_DELETE,method_HEAD,method_PATCH,method_OPTIONS
0.0,2.0,2,9,0,0.0,1,2,0,0,0,0,1,0,0
0.0,1.0,8,226,0,0.0,1,0,1,0,0,0,0,0,0
0.0,2.0,2,9,480,240.0,1,2,0,0,1,0,0,0,0
7.0,1.0,16,225,111,111.0,1,1,0,1,0,0,0,0,0
0.0,2.0,16,226,111,55.5,1,2,0,1,0,0,0,0,0
2.0,3.0,1,225,61,86.0,1,1,0,1,0,0,0,0,0
0.0,3.0,1,225,61,77.66666666666667,0,1,0,1,0,0,0,0,0
0.0,4.0,1,226,61,57.333333333333336,0,2,0,1,0,0,0,0,0
0.0,4.0,1,226,61,58.25,1,2,0,1,0,0,0,0,0
1.0,4.0,3,9,34496,11658.666666666666,1,2,0,1,0,0,0,0,0
0.0,4.0,2,9,0,8744.0,1,2,0,0,0,0,1,0,0
1.0,5.0,4,225,0,58.25,1,1,1,0,0,0,0,0,0
0.0,5.0,4,225,0,46.6,0,1,1,0,0,0,0,0,0
0.0,6.0,4,226,0,46.6,1,2,1,0,0,0,0,0,0
0.0,6.0,4,226,0,38.833333333333336,0,2,1,0,0,0,0,0,0
1.0,9.0,1,226,49,40.285714285714285,1,2,0,1,0,0,0,0,0
0.0,9.0,1,226,51,41.625,1,2,0,1,0,0,0,0,0
0.0,6.0,1,225,51,47.333333333333336,1,1,0,1,0,0,0,0,0
0.0,9.0,1,226,49,42.44444444444444,0,2,0,1,0,0,0,0,0
1.0,8.0,3,9,38888,14772.8,1,2,0,1,0,0,0,0,0
0.0,14.0,1,225,48,47.42857142857143,1,1,0,1,0,0,0,0,0
0.0,14.0,1,225,50,47.75,0,1,0,1,0,0,0,0,0
0.0,15.0,1,226,50,43.2,0,2,0,1,0,0,0,0,0
0.0,8.0,2,9,0,12310.666666666666,1,2,0,0,0,0,1,0,0
0.0,14.0,1,225,49,47.888888888888886,1,1,0,1,0,0,0,0,0
0.0,14.0,1,225,50,48.1,1,1,0,1,0,0,0,0,0
0.0,15.0,1,226,48,48.0,1,2,0,1,0,0,0,0,0
0.0,14.0,1,225,48,41.8,0,1,0,1,0,0,0,0,0
0.0,15.0,4,226,0,36.9,1,2,1,0,0,0,0,0,0
0.0,15.0,4,226,0,30.8,0,2,1,0,0,0,0,0,0
0.0,14.0,4,225,0,35.7,0,1,1,0,0,0,0,0,0
0.0,8.0,3,9,36588,15778.857142857143,1,2,0,1,0,0,0,0,0
0.0,15.0,1,226,50,29.7,1,2,0,1,0,0,0,0,0
0.0,14.0,4,225,0,29.6,1,1,1,0,0,0,0,0,0
0.0,14.0,1,225,49,34.5,0,1,0,1,0,0,0,0,0
0.0,15.0,1,226,48,34.5,0,2,0,1,0,0,0,0,0
0.0,8.0,2,9,0,13806.5,1,2,0,0,0,0,1,0,0
1.0,21.0,1,226,51,39.6,1,2,0,1,0,0,0,0,0
0.0,21.0,1,226,54,40.1,1,2,0,1,0,0,0,0,0
0.0,10.0,2,9,0,12272.444444444445,1,2,0,0,0,0,1,0,0
0.0,10.0,3,9,37468,14792.0,1,2,0,1,0,0,0,0,0
0.0,18.0,1,225,54,39.9,0,1,0,1,0,0,0,0,0
0.0,21.0,1,226,54,40.4,0,2,0,1,0,0,0,0,0
0.0,21.0,16,226,0,35.5,0,2,1,0,0,0,0,0,0
0.0,18.0,1,225,54,40.2,1,1,0,1,0,0,0,0,0
0.0,18.0,16,225,0,35.4,0,1,1,0,0,0,0,0,0
0.0,21.0,1,226,51,35.6,0,2,0,1,0,0,0,0,0
0.0,18.0,16,225,0,30.4,1,1,1,0,0,0,0,0,0
0.0,21.0,16,226,0,30.8,1,2,1,0,0,0,0,0,0
1.0,28.0,16,226,0,30.8,1,2,1,0,0,0,0,0,0
0.0,14.0,3,9,39553,18747.3,1,2,0,1,0,0,0,0,0
0.0,26.0,1,225,47,30.2,1,1,0,1,0,0,0,0,0
0.0,28.0,16,226,0,30.8,0,2,1,0,0,0,0,0,0
0.0,26.0,16,225,0,25.2,1,1,1,0,0,0,0,0,0
0.0,26.0,16,225,0,20.4,0,1,1,0,0,0,0,0,0
0.0,26.0,1,225,51,25.5,0,1,0,1,0,0,0,0,0
0.0,28.0,1,226,47,30.5,0,2,0,1,0,0,0,0,0
0.0,14.0,2,9,0,18699.3,1,2,0,0,0,0,1,0,0
0.0,28.0,8,226,0,25.7,1,0,1,0,0,0,0,0,0
0.0,28.0,1,226,51,25.7,0,2,0,1,0,0,0,0,0
0.0,26.0,1,225,51,30.6,1,1,0,1,0,0,0,0,0
0.0,26.0,1,225,51,30.8,0,1,0,1,0,0,0,0,0
0.0,28.0,1,226,47,25.0,1,2,0,1,0,0,0,0,0
0.0,14.0,2,9,0,15249.7,1,2,0,0,0,0,1,0,0
0.0,14.0,3,9,35171,18766.8,1,2,0,1,0,0,0,0,0
0.0,26.0,1,225,47,30.1,0,1,0,1,0,0,0,0,0
0.0,28.0,1,226,51,24.7,1,2,0,1,0,0,0,0,0
0.0,26.0,1,225,51,29.8,1,1,0,1,0,0,0,0,0
1.0,18.0,2,9,0,14878.0,1,2,0,0,0,0,1,0,0
0.0,34.0,1,226,47,29.4,1,2,0,1,0,0,0,0,0
0.0,34.0,1,226,48,29.1,0,2,0,1,0,0,0,0,0
0.0,32.0,1,225,47,34.5,0,1,0,1,0,0,0,0,0
0.0,34.0,1,226,50,34.1,0,2,0,1,0,0,0,0,0
0.0,32.0,1,225,48,39.3,0,1,0,1,0,0,0,0,0
0.0,32.0,1,225,48,39.4,1,1,0,1,0,0,0,0,0
0.0,34.0,1,226,47,38.8,0,2,0,1,0,0,0,0,0
0.0,32.0,1,225,47,44.1,1,1,0,1,0,0,0,0,0
0.0,18.0,2,9,0,14878.0,1,2,0,0,0,0,1,0,0
0.0,18.0,3,9,37067,14925.9,1,2,0,1,0,0,0,0,0
0.0,34.0,1,226,50,43.8,1,2,0,1,0,0,0,0,0
0.0,32.0,1,225,50,49.1,1,1,0,1,0,0,0,0,0
0.0,32.0,1,225,50,49.0,0,1,0,1,0,0,0,0,0
0.0,18.0,3,9,35224,18448.3,1,2,0,1,0,0,0,0,0
0.0,34.0,1,226,48,43.9,1,2,0,1,0,0,0,0,0
1.0,38.0,16,225,0,43.9,0,1,1,0,0,0,0,0,0
0.0,38.0,1,225,49,43.7,1,1,0,1,0,0,0,0,0
0.0,20.0,3,9,38716,22319.9,1,2,0,1,0,0,0,0,0
0.0,38.0,1,225,53,44.3,0,1,0,1,0,0,0,0,0
0.0,38.0,1,225,53,44.5,1,1,0,1,0,0,0,0,0
0.0,40.0,1,226,49,48.8,0,2,0,1,0,0,0,0,0
0.0,40.0,1,226,53,49.0,1,2,0,1,0,0,0,0,0
0.0,38.0,1,225,49,44.7,0,1,0,1,0,0,0,0,0
0.0,40.0,1,226,49,49.2,1,2,0,1,0,0,0,0,0
0.0,40.0,16,226,0,44.1,0,2,1,0,0,0,0,0,0
0.0,20.0,2,9,0,18573.1,1,2,0,0,0,0,1,0,0
0.0,40.0,16,226,0,39.4,1,2,1,0,0,0,0,0,0
0.0,38.0,16,225,0,39.9,1,1,1,0,0,0,0,0,0
0.0,40.0,1,226,53,39.9,0,2,0,1,0,0,0,0,0
1.0,44.0,1,226,50,39.9,1,2,0,1,0,0,0,0,0
0.0,42.0,1,225,50,40.1,1,1,0,1,0,0,0,0,0
0.0,42.0,1,225,50,40.4,0,1,0,1,0,0,0,0,0
0.0,44.0,4,226,0,35.2,0,2,1,0,0,0,0,0,0
0.0,44.0,4,226,0,30.2,1,2,1,0,0,0,0,0,0
0.0,42.0,4,225,0,35.4,0,1,1,0,0,0,0,0,0
0.0,42.0,4,225,0,30.4,1,1,1,0,0,0,0,0,0
0.0,22.0,3,9,35308,18148.6,1,2,0,1,0,0,0,0,0
0.0,22.0,2,9,0,18148.6,1,2,0,0,0,0,1,0,0
0.0,44.0,1,226,50,30.4,0,2,0,1,0,0,0,0,0
1.0,44.0,1,225,46,35.0,0,1,0,1,0,0,0,0,0
0.0,46.0,1,226,46,30.1,1,2,0,1,0,0,0,0,0
0.0,24.0,2,9,0,18148.6,1,2,0,0,0,0,1,0,0
0.0,46.0,1,226,46,29.4,0,2,0,1,0,0,0,0,0
0.0,24.0,3,9,34640,18095.5,1,2,0,1,0,0,0,0,0
0.0,44.0,1,225,46,34.7,1,1,0,1,0,0,0,0,0
1.0,48.0,1,225,50,34.4,0,1,0,1,0,0,0,0,0
0.0,50.0,1,226,50,29.5,1,2,0,1,0,0,0,0,0
0.0,50.0,1,226,50,34.5,0,2,0,1,0,0,0,0,0
0.0,26.0,2,9,0,18095.5,1,2,0,0,0,0,1,0,0
0.0,26.0,3,9,35328,21628.3,1,2,0,1,0,0,0,0,0
0.0,48.0,1,225,50,34.1,1,1,0,1,0,0,0,0,0
0.0,48.0,1,225,50,34.2,0,1,0,1,0,0,0,0,0
0.0,48.0,1,225,50,39.2,1,1,0,1,0,0,0,0,0
0.0,50.0,1,226,50,39.5,0,2,0,1,0,0,0,0,0
0.0,50.0,1,226,50,39.2,1,2,0,1,0,0,0,0,0
1.0,50.0,1,225,48,39.0,0,1,0,1,0,0,0,0,0
0.0,50.0,1,225,48,38.8,1,1,0,1,0,0,0,0,0
0.0,52.0,1,226,48,39.0,0,2,0,1,0,0,0,0,0
0.0,52.0,1,226,48,43.8,1,2,0,1,0,0,0,0,0
1.0,56.0,1,226,49,48.7,1,2,0,1,0,0,0,0,0
0.0,28.0,3,9,35740,21495.6,1,2,0,1,0,0,0,0,0
0.0,54.0,1,225,47,43.5,1,1,0,1,0,0,0,0,0
0.0,54.0,1,225,47,48.2,0,1,0,1,0,0,0,0,0
0.0,54.0,1,225,49,48.5,1,1,0,1,0,0,0,0,0
0.0,56.0,1,226,47,48.4,1,2,0,1,0,0,0,0,0
0.0,28.0,2,9,0,17973.2,1,2,0,0,0,0,1,0,0
0.0,56.0,1,226,49,48.7,0,2,0,1,0,0,0,0,0
0.0,56.0,1,226,47,48.8,0,2,0,1,0,0,0,0,0
0.0,54.0,1,225,49,48.8,0,1,0,1,0,0,0,0,0
1.0,30.0,2,9,0,14101.6,1,2,0,0,0,0,1,0,0
0.0,58.0,1,225,53,49.1,0,1,0,1,0,0,0,0,0
0.0,58.0,1,225,53,49.4,1,1,0,1,0,0,0,0,0
0.0,60.0,1,226,50,48.8,1,2,0,1,0,0,0,0,0
0.0,58.0,1,225,50,49.4,0,1,0,1,0,0,0,0,0
0.0,58.0,1,225,50,49.4,1,1,0,1,0,0,0,0,0
0.0,60.0,1,226,53,49.1,0,2,0,1,0,0,0,0,0
0.0,60.0,1,226,50,49.1,0,2,0,1,0,0,0,0,0
0.0,30.0,3,9,35740,17675.6,1,2,0,1,0,0,0,0,0
0.0,60.0,1,226,53,49.4,1,2,0,1,0,0,0,0,0
1.0,62.0,1,226,46,49.2,0,2,0,1,0,0,0,0,0
0.0,62.0,1,226,46,49.0,1,2,0,1,0,0,0,0,0
0.0,60.0,1,225,46,49.2,0,1,0,1,0,0,0,0,0
0.0,32.0,3,9,35740,17718.8,1,2,0,1,0,0,0,0,0
0.0,32.0,2,9,0,17718.8,1,2,0,0,0,0,1,0,0
0.0,60.0,1,225,46,49.0,1,1,0,1,0,0,0,0,0
1.0,34.0,3,9,35740,21292.8,1,2,0,1,0,0,0,0,0
0.0,64.0,1,225,50,49.3,0,1,0,1,0,0,0,0,0
0.0,34.0,2,9,0,17828.8,1,2,0,0,0,0,1,0,0
0.0,64.0,1,225,50,49.6,1,1,0,1,0,0,0,0,0
0.0,66.0,1,226,50,49.1,0,2,0,1,0,0,0,0,0
0.0,66.0,1,226,50,49.4,0,2,0,1,0,0,0,0,0
0.0,64.0,1,225,50,49.7,0,1,0,1,0,0,0,0,0
0.0,66.0,1,226,50,49.5,1,2,0,1,0,0,0,0,0
0.0,64.0,1,225,50,49.8,1,1,0,1,0,0,0,0,0
0.0,66.0,1,226,50,49.8,1,2,0,1,0,0,0,0,0
1.0,70.0,1,225,49,49.4,1,1,0,1,0,0,0,0,0
0.0,70.0,1,225,47,48.8,1,1,0,1,0,0,0,0,0
0.0,72.0,1,226,47,49.5,1,2,0,1,0,0,0,0,0
0.0,72.0,1,226,47,48.9,0,2,0,1,0,0,0,0,0
0.0,70.0,1,225,49,48.7,0,1,0,1,0,0,0,0,0
0.0,72.0,1,226,49,48.8,0,2,0,1,0,0,0,0,0
0.0,36.0,2,9,0,17828.8,1,2,0,0,0,0,1,0,0
0.0,70.0,1,225,47,48.4,0,1,0,1,0,0,0,0,0
0.0,72.0,1,226,48,48.3,0,2,0,1,0,0,0,0,0
0.0,72.0,1,226,48,48.5,1,2,0,1,0,0,0,0,0
0.0,70.0,1,225,48,48.6,1,1,0,1,0,0,0,0,0
0.0,70.0,1,225,48,48.8,0,1,0,1,0,0,0,0,0
0.0,72.0,1,226,49,48.8,1,2,0,1,0,0,0,0,0
0.0,36.0,3,9,35740,17870.0,1,2,0,1,0,0,0,0,0
1.0,76.0,1,226,53,49.1,1,2,0,1,0,0,0,0,0
0.0,76.0,1,226,50,49.1,0,2,0,1,0,0,0,0,0
0.0,38.0,3,9,35740,17870.0,1,2,0,1,0,0,0,0,0
0.0,74.0,1,225,50,48.8,0,1,0,1,0,0,0,0,0
0.0,74.0,1,225,53,49.1,0,1,0,1,0,0,0,0,0
0.0,74.0,1,225,50,49.1,1,1,0,1,0,0,0,0,0
0.0,38.0,2,9,0,17870.0,1,2,0,0,0,0,1,0,0
0.0,76.0,1,226,53,49.4,0,2,0,1,0,0,0,0,0
0.0,76.0,1,226,50,49.4,1,2,0,1,0,0,0,0,0
0.0,74.0,1,225,53,49.4,1,1,0,1,0,0,0,0,0
1.0,80.0,1,226,46,49.3,0,2,0,1,0,0,0,0,0
0.0,80.0,1,226,46,49.2,1,2,0,1,0,0,0,0,0
0.0,80.0,1,226,50,49.3,1,2,0,1,0,0,0,0,0
0.0,78.0,1,225,50,49.5,1,1,0,1,0,0,0,0,0
0.0,78.0,1,225,50,49.8,0,1,0,1,0,0,0,0,0
0.0,78.0,1,225,46,49.5,0,1,0,1,0,0,0,0,0
0.0,40.0,3,9,35740,21444.0,1,2,0,1,0,0,0,0,0
0.0,40.0,2,9,0,17870.0,1,2,0,0,0,0,1,0,0
0.0,78.0,1,225,46,49.4,1,1,0,1,0,0,0,0,0
0.0,80.0,1,226,50,49.5,0,2,0,1,0,0,0,0,0
1.0,80.0,1,225,59,50.5,0,1,0,1,0,0,0,0,0
0.0,80.0,1,225,59,51.6,1,1,0,1,0,0,0,0,0
0.0,82.0,1,226,59,50.6,0,2,0,1,0,0,0,0,0
0.0,82.0,1,226,59,51.6,1,2,0,1,0,0,0,0,0
0.0,42.0,3,9,35740,17870.0,1,2,0,1,0,0,0,0,0
0.0,42.0,2,9,0,17870.0,1,2,0,0,0,0,1,0,0
1.0,89.0,1,226,58,52.1,1,2,0,1,0,0,0,0,0
0.0,44.0,3,9,35740,17870.0,1,2,0,1,0,0,0,0,0
0.0,89.0,1,226,56,52.7,0,2,0,1,0,0,0,0,0
0.0,89.0,1,226,58,53.2,0,2,0,1,0,0,0,0,0
0.0,89.0,1,226,57,53.9,1,2,0,1,0,0,0,0,0
0.0,89.0,8,226,0,49.3,1,0,1,0,0,0,0,0,0
0.0,85.0,1,225,56,52.2,1,1,0,1,0,0,0,0,0
0.0,85.0,1,225,56,52.5,0,1,0,1,0,0,0,0,0
0.0,85.0,1,225,58,53.3,1,1,0,1,0,0,0,0,0
0.0,44.0,2,9,0,17870.0,1,2,0,0,0,0,1,0,0
0.0,89.0,1,226,57,50.4,0,2,0,1,0,0,0,0,0
0.0,85.0,1,225,57,53.7,0,1,0,1,0,0,0,0,0
0.0,89.0,1,226,56,51.0,1,2,0,1,0,0,0,0,0
0.0,85.0,1,225,57,54.4,1,1,0,1,0,0,0,0,0
1.0,46.0,2,9,0,17870.0,1,2,0,0,0,0,1,0,0
0.0,89.0,1,225,62,55.6,1,1,0,1,0,0,0,0,0
0.0,89.0,1,225,62,57.2,0,1,0,1,0,0,0,0,0
0.0,46.0,3,9,33894,17685.4,1,2,0,1,0,0,0,0,0
0.0,93.0,1,226,62,52.2,0,2,0,1,0,0,0,0,0
0.0,93.0,1,226,62,52.5,1,2,0,1,0,0,0,0,0
0.0,89.0,1,225,58,58.4,0,1,0,1,0,0,0,0,0
0.0,93.0,1,226,59,52.5,0,2,0,1,0,0,0,0,0
0.0,89.0,1,225,59,58.4,1,1,0,1,0,0,0,0,0
0.0,93.0,1,226,59,52.6,1,2,0,1,0,0,0,0,0
1.0,94.0,1,225,59,58.4,0,1,0,1,0,0,0,0,0
0.0,50.0,3,9,35740,17685.4,1,2,0,1,0,0,0,0,0
0.0,97.0,1,226,55,52.5,1,2,0,1,0,0,0,0,0
0.0,50.0,2,9,0,17685.4,1,2,0,0,0,0,1,0,0
0.0,50.0,3,9,35740,17685.4,1,2,0,1,0,0,0,0,0
0.0,94.0,1,225,55,58.3,0,1,0,1,0,0,0,0,0
0.0,97.0,1,226,59,52.6,0,2,0,1,0,0,0,0,0
0.0,97.0,1,226,59,52.8,1,2,0,1,0,0,0,0,0
0.0,94.0,1,225,55,58.2,1,1,0,1,0,0,0,0,0
0.0,97.0,1,226,55,58.3,0,2,0,1,0,0,0,0,0
0.0,94.0,1,225,59,58.3,0,1,0,1,0,0,0,0,0
0.0,50.0,2,9,0,17685.4,1,2,0,0,0,0,1,0,0
0.0,94.0,1,225,59,58.5,1,1,0,1,0,0,0,0,0
3.0,99.0,16,225,0,52.8,0,1,1,0,0,0,0,0,0
0.0,52.0,3,9,33206,17432.0,1,2,0,1,0,0,0,0,0
0.0,103.0,16,226,0,52.6,0,2,1,0,0,0,0,0,0
0.0,99.0,16,225,0,46.6,1,1,1,0,0,0,0,0,0
0.0,52.0,2,9,0,17432.0,1,2,0,0,0,0,1,0,0
0.0,99.0,16,225,0,40.4,1,1,1,0,0,0,0,0,0
0.0,103.0,16,226,0,47.0,0,2,1,0,0,0,0,0,0
0.0,103.0,16,226,0,40.8,1,2,1,0,0,0,0,0,0
0.0,99.0,16,225,0,34.6,0,1,1,0,0,0,0,0,0
0.0,103.0,16,226,0,34.6,0,2,1,0,0,0,0,0,0
0.0,99.0,16,225,0,28.7,1,1,1,0,0,0,0,0,0
0.0,103.0,16,226,0,28.7,1,2,1,0,0,0,0,0,0
0.0,103.0,16,226,0,22.8,1,2,1,0,0,0,0,0,0
1.0,105.0,16,225,0,22.8,0,1,1,0,0,0,0,0,0
0.0,105.0,16,225,0,17.3,1,1,1,0,0,0,0,0,0
0.0,109.0,16,226,0,17.3,0,2,1,0,0,0,0,0,0
0.0,105.0,16,225,0,11.8,0,1,1,0,0,0,0,0,0
0.0,105.0,16,225,0,5.9,1,1,1,0,0,0,0,0,0
0.0,109.0,16,226,0,11.4,1,2,1,0,0,0,0,0,0
0.0,54.0,3,9,32476,17105.6,1,2,0,1,0,0,0,0,0
0.0,105.0,16,225,0,0.0,0,1,1,0,0,0,0,0,0
0.0,109.0,16,226,0,5.5,1,2,1,0,0,0,0,0,0
0.0,54.0,2,9,0,17105.6,1,2,0,0,0,0,1,0,0
0.0,109.0,16,226,0,0.0,0,2,1,0,0,0,0,0,0
0.0,105.0,16,225,0,0.0,1,1,1,0,0,0,0,0,0
0.0,109.0,16,226,0,0.0,0,2,1,0,0,0,0,0,0
0.0,109.0,16,226,0,0.0,1,2,1,0,0,0,0,0,0
1.0,106.0,16,225,0,0.0,0,1,1,0,0,0,0,0,0
0.0,56.0,3,9,30334,20139.0,1,2,0,1,0,0,0,0,0
0.0,56.0,2,9,0,16749.6,1,2,0,0,0,0,1,0,0
1.0,58.0,2,9,0,13175.6,1,2,0,0,0,0,1,0,0
0.0,113.0,16,225,0,0.0,0,1,1,0,0,0,0,0,0
0.0,113.0,16,225,0,0.0,1,1,1,0,0,0,0,0,0
0.0,117.0,16,226,0,0.0,1,2,1,0,0,0,0,0,0
0.0,58.0,3,9,30280,16203.6,1,2,0,1,0,0,0,0,0
0.0,113.0,16,225,0,0.0,1,1,1,0,0,0,0,0,0
0.0,113.0,16,225,0,0.0,1,1,1,0,0,0,0,0,0
0.0,117.0,16,226,0,0.0,1,2,1,0,0,0,0,0,0
0.0,117.0,16,226,0,0.0,0,2,1,0,0,0,0,0,0
0.0,113.0,16,225,0,0.0,0,1,1,0,0,0,0,0,0
0.0,117.0,16,226,0,0.0,1,2,1,0,0,0,0,0,0
0.0,117.0,16,226,0,0.0,0,2,1,0,0,0,0,0,0
0.0,113.0,16,225,0,0.0,1,1,1,0,0,0,0,0,0
0.0,113.0,16,225,0,0.0,0,1,1,0,0,0,0,0,0
0.0,117.0,16,226,0,0.0,0,2,1,0,0,0,0,0,0
0.0,117.0,16,226,0,0.0,1,2,1,0,0,0,0,0,0
0.0,117.0,16,226,0,0.0,0,2,1,0,0,0,0,0,0
1.0,114.0,16,225,0,0.0,0,1,1,0,0,0,0,0,0
0.0,60.0,3,9,30018,15631.4,1,2,0,1,0,0,0,0,0
0.0,60.0,2,9,0,15631.4,1,2,0,0,0,0,1,0,0
1.0,125.0,16,226,0,0.0,1,2,1,0,0,0,0,0,0
0.0,121.0,16,225,0,0.0,0,1,1,0,0,0,0,0,0
0.0,125.0,16,226,0,0.0,0,2,1,0,0,0,0,0,0
0.0,121.0,16,225,0,0.0,1,1,1,0,0,0,0,0,0
0.0,125.0,16,226,0,0.0,1,2,1,0,0,0,0,0,0
0.0,121.0,16,225,0,0.0,1,1,1,0,0,0,0,0,0
0.0,62.0,3,9,30612,15372.0,1,2,0,1,0,0,0,0,0
0.0,121.0,16,225,0,0.0,1,1,1,0,0,0,0,0,0
0.0,121.0,16,225,0,0.0,0,1,1,0,0,0,0,0,0
0.0,125.0,16,226,0,0.0,1,2,1,0,0,0,0,0,0
0.0,125.0,16,226,0,0.0,0,2,1,0,0,0,0,0,0
0.0,121.0,16,225,0,0.0,1,1,1,0,0,0,0,0,0
0.0,121.0,16,225,0,0.0,0,1,1,0,0,0,0,0,0
0.0,62.0,2,9,0,15372.0,1,2,0,0,0,0,1,0,0
0.0,125.0,16,226,0,0.0,0,2,1,0,0,0,0,0,0
0.0,125.0,16,226,0,0.0,0,2,1,0,0,0,0,0,0
0.0,125.0,16,226,0,0.0,1,2,1,0,0,0,0,0,0
1.0,129.0,16,226,0,0.0,0,2,1,0,0,0,0,0,0
0.0,129.0,16,226,0,0.0,0,2,1,0,0,0,0,0,0
0.0,64.0,2,9,0,12124.4,1,2,0,0,0,0,1,0,0
0.0,64.0,3,9,32270,15351.4,1,2,0,1,0,0,0,0,0
0.0,126.0,16,225,0,0.0,0,1,1,0,0,0,0,0,0
0.0,126.0,16,225,0,0.0,0,1,1,0,0,0,0,0,0
0.0,129.0,16,226,0,0.0,1,2,1,0,0,0,0,0,0
0.0,126.0,16,225,0,0.0,1,1,1,0,0,0,0,0,0
0.0,126.0,16,225,0,0.0,0,1,1,0,0,0,0,0,0
0.0,129.0,16,226,0,0.0,1,2,1,0,0,0,0,0,0
0.0,126.0,16,225,0,0.0,1,1,1,0,0,0,0,0,0
1.0,133.0,16,226,0,0.0,1,2,1,0,0,0,0,0,0
0.0,129.0,16,225,0,0.0,0,1,1,0,0,0,0,0,0
0.0,129.0,16,225,0,0.0,1,1,1,0,0,0,0,0,0
0.0,133.0,16,226,0,0.0,0,2,1,0,0,0,0,0,0
0.0,133.0,16,226,0,0.0,0,2,1,0,0,0,0,0,0
0.0,129.0,16,225,0,0.0,1,1,1,0,0,0,0,0,0
0.0,66.0,2,9,0,12318.0,1,2,0,0,0,0,1,0,0
0.0,133.0,16,226,0,0.0,1,2,1,0,0,0,0,0,0
0.0,66.0,3,9,32514,15569.4,1,2,0,1,0,0,0,0,0
1.0,137.0,16,226,0,0.0,1,2,1,0,0,0,0,0,0
0.0,137.0,16,226,0,0.0,1,2,1,0,0,0,0,0,0
0.0,137.0,16,226,0,0.0,0,2,1,0,0,0,0,0,0
0.0,70.0,2,9,0,15569.4,1,2,0,0,0,0,1,0,0
0.0,70.0,2,9,0,12541.4,1,2,0,0,0,0,1,0,0
0.0,137.0,16,226,0,0.0,0,2,1,0,0,0,0,0,0
0.0,134.0,16,225,0,0.0,1,1,1,0,0,0,0,0,0
0.0,134.0,16,225,0,0.0,0,1,1,0,0,0,0,0,0
0.0,134.0,16,225,0,0.0,0,1,1,0,0,0,0,0,0
0.0,134.0,16,225,0,0.0,1,1,1,0,0,0,0,0,0
0.0,134.0,16,225,0,0.0,0,1,1,0,0,0,0,0,0
0.0,70.0,3,9,32134,12753.0,1,2,0,1,0,0,0,0,0
0.0,70.0,3,9,32421,15995.1,1,2,0,1,0,0,0,0,0
2.0,138.0,8,226,0,0.0,1,0,1,0,0,0,0,0,0
4.0,141.0,1,225,49,4.9,1,1,0,1,0,0,0,0,0
0.0,146.0,1,226,49,4.9,1,2,0,1,0,0,0,0,0
0.0,146.0,1,226,49,9.8,0,2,0,1,0,0,0,0,0
0.0,146.0,1,226,49,14.7,1,2,0,1,0,0,0,0,0
0.0,141.0,1,225,49,9.8,0,1,0,1,0,0,0,0,0
0.0,146.0,1,226,49,19.6,0,2,0,1,0,0,0,0,0
0.0,146.0,1,226,49,24.5,1,2,0,1,0,0,0,0,0
0.0,146.0,1,226,49,29.4,1,2,0,1,0,0,0,0,0
0.0,146.0,1,226,49,34.3,0,2,0,1,0,0,0,0,0
0.0,141.0,1,225,49,14.7,1,1,0,1,0,0,0,0,0
0.0,141.0,1,225,49,19.6,1,1,0,1,0,0,0,0,0
0.0,146.0,1,226,49,39.2,0,2,0,1,0,0,0,0,0
0.0,141.0,1,225,49,24.5,0,1,0,1,0,0,0,0,0
0.0,141.0,1,225,49,29.4,1,1,0,1,0,0,0,0,0
0.0,71.0,3,9,33424,16276.3,1,2,0,1,0,0,0,0,0
0.0,141.0,1,225,49,34.3,0,1,0,1,0,0,0,0,0
1.0,154.0,1,225,49,39.2,0,1,0,1,0,0,0,0,0
0.0,158.0,1,226,49,44.1,1,2,0,1,0,0,0,0,0
0.0,158.0,1,226,49,49.0,1,2,0,1,0,0,0,0,0
0.0,158.0,1,226,49,49.0,0,2,0,1,0,0,0,0,0
0.0,154.0,1,225,49,44.1,1,1,0,1,0,0,0,0,0
0.0,154.0,1,225,49,49.0,0,1,0,1,0,0,0,0,0
0.0,158.0,1,226,49,49.0,0,2,0,1,0,0,0,0,0
0.0,154.0,1,225,49,49.0,0,1,0,1,0,0,0,0,0
0.0,158.0,1,226,49,49.0,1,2,0,1,0,0,0,0,0
0.0,154.0,1,225,49,49.0,1,1,0,1,0,0,0,0,0
0.0,72.0,2,9,0,16276.3,1,2,0,0,0,0,1,0,0
0.0,154.0,1,225,49,49.0,1,1,0,1,0,0,0,0,0
0.0,158.0,1,226,49,49.0,0,2,0,1,0,0,0,0,0
0.0,154.0,1,225,49,49.0,0,1,0,1,0,0,0,0,0
0.0,158.0,1,226,49,49.0,0,2,0,1,0,0,0,0,0
0.0,154.0,1,225,49,49.0,1,1,0,1,0,0,0,0,0
0.0,154.0,1,225,49,49.0,0,1,0,1,0,0,0,0,0
0.0,158.0,1,226,49,49.0,1,2,0,1,0,0,0,0,0
0.0,158.0,1,226,49,49.0,0,2,0,1,0,0,0,0,0
0.0,154.0,1,225,49,49.0,1,1,0,1,0,0,0,0,0
0.0,158.0,1,226,49,49.0,1,2,0,1,0,0,0,0,0
0.0,158.0,1,226,49,49.0,0,2,0,1,0,0,0,0,0
0.0,154.0,1,225,49,49.0,1,1,0,1,0,0,0,0,0
0.0,154.0,1,225,49,49.0,0,1,0,1,0,0,0,0,0
0.0,158.0,1,226,49,49.0,1,2,0,1,0,0,0,0,0
0.0,154.0,1,225,49,49.0,0,1,0,1,0,0,0,0,0
1.0,75.0,2,9,0,16276.3,1,2,0,0,0,0,1,0,0
0.0,168.0,1,226,49,49.0,1,2,0,1,0,0,0,0,0
0.0,168.0,1,226,49,49.0,0,2,0,1,0,0,0,0,0
0.0,168.0,1,226,49,49.0,1,2,0,1,0,0,0,0,0
0.0,164.0,1,225,49,49.0,1,1,0,1,0,0,0,0,0
0.0,164.0,1,225,49,49.0,0,1,0,1,0,0,0,0,0
0.0,75.0,3,9,38393,16888.6,1,2,0,1,0,0,0,0,0
0.0,164.0,1,225,49,49.0,0,1,0,1,0,0,0,0,0
0.0,164.0,1,225,49,49.0,1,1,0,1,0,0,0,0,0
0.0,164.0,1,225,49,49.0,1,1,0,1,0,0,0,0,0
0.0,168.0,1,226,49,49.0,1,2,0,1,0,0,0,0,0
0.0,75.0,3,9,36624,20551.0,1,2,0,1,0,0,0,0,0
0.0,168.0,1,226,49,49.0,1,2,0,1,0,0,0,0,0
0.0,168.0,1,226,49,49.0,1,2,0,1,0,0,0,0,0
0.0,168.0,1,226,49,49.0,0,2,0,1,0,0,0,0,0
0.0,164.0,1,225,49,49.0,0,1,0,1,0,0,0,0,0
0.0,168.0,1,226,49,49.0,0,2,0,1,0,0,0,0,0
0.0,164.0,1,225,49,49.0,1,1,0,1,0,0,0,0,0
0.0,168.0,1,226,49,49.0,0,2,0,1,0,0,0,0,0
0.0,164.0,1,225,49,49.0,0,1,0,1,0,0,0,0,0
0.0,164.0,1,225,49,49.0,0,1,0,1,0,0,0,0,0
0.0,164.0,1,225,49,49.0,1,1,0,1,0,0,0,0,0
0.0,168.0,1,226,49,49.0,0,2,0,1,0,0,0,0,0
1.0,178.0,1,225,49,49.0,0,1,0,1,0,0,0,0,0
0.0,183.0,1,226,49,49.0,0,2,0,1,0,0,0,0,0
0.0,178.0,1,225,49,49.0,0,1,0,1,0,0,0,0,0
0.0,178.0,1,225,49,49.0,1,1,0,1,0,0,0,0,0
0.0,178.0,1,225,49,49.0,1,1,0,1,0,0,0,0,0
0.0,178.0,1,225,49,49.0,0,1,0,1,0,0,0,0,0
0.0,178.0,1,225,49,49.0,0,1,0,1,0,0,0,0,0
0.0,178.0,1,225,49,49.0,1,1,0,1,0,0,0,0,0
0.0,183.0,1,226,49,49.0,0,2,0,1,0,0,0,0,0
0.0,183.0,1,226,49,49.0,1,2,0,1,0,0,0,0,0
0.0,178.0,1,225,49,49.0,0,1,0,1,0,0,0,0,0
0.0,183.0,1,226,49,49.0,1,2,0,1,0,0,0,0,0
0.0,183.0,1,226,49,49.0,1,2,0,1,0,0,0,0,0
0.0,183.0,1,226,49,49.0,0,2,0,1,0,0,0,0,0
0.0,183.0,1,226,49,49.0,0,2,0,1,0,0,0,0,0
0.0,178.0,1,225,49,49.0,1,1,0,1,0,0,0,0,0
0.0,178.0,1,225,49,49.0,0,1,0,1,0,0,0,0,0
0.0,183.0,1,226,49,49.0,0,2,0,1,0,0,0,0,0
0.0,178.0,1,225,49,49.0,1,1,0,1,0,0,0,0,0
0.0,178.0,1,225,49,49.0,0,1,0,1,0,0,0,0,0
0.0,183.0,1,226,49,49.0,0,2,0,1,0,0,0,0,0
0.0,76.0,2,9,0,17299.6,1,2,0,0,0,0,1,0,0
0.0,183.0,1,226,49,49.0,1,2,0,1,0,0,0,0,0
0.0,178.0,1,225,49,49.0,1,1,0,1,0,0,0,0,0
0.0,178.0,1,225,49,49.0,1,1,0,1,0,0,0,0,0
0.0,183.0,1,226,49,49.0,1,2,0,1,0,0,0,0,0
0.0,183.0,1,226,49,49.0,1,2,0,1,0,0,0,0,0
0.0,183.0,1,226,49,49.0,1,2,0,1,0,0,0,0,0
0.0,183.0,1,226,49,49.0,1,2,0,1,0,0,0,0,0
0.0,183.0,1,226,49,49.0,0,2,0,1,0,0,0,0,0
1.0,196.0,1,226,49,49.0,1,2,0,1,0,0,0,0,0
0.0,196.0,1,226,49,49.0,0,2,0,1,0,0,0,0,0
0.0,192.0,1,225,49,49.0,0,1,0,1,0,0,0,0,0
0.0,192.0,1,225,49,49.0,1,1,0,1,0,0,0,0,0
0.0,192.0,1,225,49,49.0,0,1,0,1,0,0,0,0,0
0.0,196.0,1,226,49,49.0,0,2,0,1,0,0,0,0,0
0.0,192.0,1,225,49,49.0,1,1,0,1,0,0,0,0,0
0.0,196.0,1,226,49,49.0,1,2,0,1,0,0,0,0,0
0.0,196.0,1,226,49,49.0,1,2,0,1,0,0,0,0,0
0.0,196.0,1,226,49,49.0,0,2,0,1,0,0,0,0,0
0.0,192.0,1,225,49,49.0,0,1,0,1,0,0,0,0,0
0.0,196.0,1,226,49,49.0,0,2,0,1,0,0,0,0,0
0.0,196.0,1,226,49,49.0,0,2,0,1,0,0,0,0,0
0.0,192.0,1,225,49,49.0,1,1,0,1,0,0,0,0,0
0.0,196.0,1,226,49,49.0,1,2,0,1,0,0,0,0,0
0.0,196.0,1,226,49,49.0,0,2,0,1,0,0,0,0,0
0.0,192.0,1,225,49,49.0,0,1,0,1,0,0,0,0,0
0.0,196.0,1,226,49,49.0,0,2,0,1,0,0,0,0,0
0.0,192.0,1,225,49,49.0,1,1,0,1,0,0,0,0,0
0.0,192.0,1,225,49,49.0,0,1,0,1,0,0,0,0,0
0.0,192.0,1,225,49,49.0,0,1,0,1,0,0,0,0,0
0.0,196.0,1,226,49,49.0,1,2,0,1,0,0,0,0,0
0.0,192.0,1,225,49,49.0,0,1,0,1,0,0,0,0,0
0.0,78.0,2,9,0,17299.6,1,2,0,0,0,0,1,0,0
0.0,192.0,1,225,49,49.0,1,1,0,1,0,0,0,0,0
0.0,196.0,1,226,49,49.0,1,2,0,1,0,0,0,0,0
0.0,192.0,1,225,49,49.0,1,1,0,1,0,0,0,0,0
0.0,78.0,3,9,36745,20974.1,1,2,0,1,0,0,0,0,0
0.0,192.0,1,225,49,49.0,1,1,0,1,0,0,0,0,0
1.0,206.0,1,226,49,49.0,1,2,0,1,0,0,0,0,0
0.0,202.0,1,225,49,49.0,1,1,0,1,0,0,0,0,0
0.0,202.0,1,225,49,49.0,1,1,0,1,0,0,0,0,0
0.0,80.0,2,9,0,17760.7,1,2,0,0,0,0,1,0,0
0.0,202.0,1,225,49,49.0,0,1,0,1,0,0,0,0,0
0.0,206.0,1,226,49,49.0,1,2,0,1,0,0,0,0,0
0.0,206.0,1,226,49,49.0,1,2,0,1,0,0,0,0,0
0.0,206.0,1,226,49,49.0,0,2,0,1,0,0,0,0,0
0.0,80.0,3,9,36244,18143.0,1,2,0,1,0,0,0,0,0
0.0,202.0,1,225,49,49.0,1,1,0,1,0,0,0,0,0
0.0,202.0,1,225,49,49.0,0,1,0,1,0,0,0,0,0
0.0,202.0,1,225,49,49.0,1,1,0,1,0,0,0,0,0
0.0,206.0,1,226,49,49.0,0,2,0,1,0,0,0,0,0
0.0,202.0,1,225,49,49.0,0,1,0,1,0,0,0,0,0
0.0,206.0,1,226,49,49.0,0,2,0,1,0,0,0,0,0
0.0,202.0,1,225,49,49.0,0,1,0,1,0,0,0,0,0
0.0,206.0,1,226,49,49.0,1,2,0,1,0,0,0,0,0
0.0,206.0,1,226,49,49.0,0,2,0,1,0,0,0,0,0
0.0,202.0,1,225,49,49.0,0,1,0,1,0,0,0,0,0
0.0,202.0,1,225,49,49.0,1,1,0,1,0,0,0,0,0
0.0,206.0,1,226,49,49.0,0,2,0,1,0,0,0,0,0
0.0,206.0,1,226,49,49.0,1,2,0,1,0,0,0,0,0
1.0,83.0,3,9,36750,18475.6,1,2,0,1,0,0,0,0,0
0.0,224.0,1,226,49,49.0,1,2,0,1,0,0,0,0,0
0.0,220.0,1,225,49,49.0,0,1,0,1,0,0,0,0,0
0.0,224.0,1,226,49,49.0,1,2,0,1,0,0,0,0,0
0.0,220.0,1,225,49,49.0,0,1,0,1,0,0,0,0,0
0.0,220.0,1,225,49,49.0,0,1,0,1,0,0,0,0,0
0.0,224.0,1,226,49,49.0,1,2,0,1,0,0,0,0,0
0.0,220.0,1,225,49,49.0,1,1,0,1,0,0,0,0,0
0.0,224.0,1,226,49,49.0,0,2,0,1,0,0,0,0,0
0.0,220.0,1,225,49,49.0,1,1,0,1,0,0,0,0,0
0.0,224.0,1,226,49,49.0,1,2,0,1,0,0,0,0,0
0.0,220.0,1,225,49,49.0,1,1,0,1,0,0,0,0,0
0.0,224.0,1,226,49,49.0,0,2,0,1,0,0,0,0,0
0.0,220.0,1,225,49,49.0,0,1,0,1,0,0,0,0,0
0.0,224.0,1,226,49,49.0,0,2,0,1,0,0,0,0,0
0.0,220.0,1,225,49,49.0,0,1,0,1,0,0,0,0,0
0.0,83.0,3,9,38007,22276.3,1,2,0,1,0,0,0,0,0
0.0,224.0,1,226,49,49.0,0,2,0,1,0,0,0,0,0
0.0,220.0,1,225,49,49.0,1,1,0,1,0,0,0,0,0
0.0,224.0,1,226,49,49.0,0,2,0,1,0,0,0,0,0
0.0,224.0,1,226,49,49.0,0,2,0,1,0,0,0,0,0
0.0,220.0,1,225,49,49.0,1,1,0,1,0,0,0,0,0
0.0,224.0,1,226,49,49.0,0,2,0,1,0,0,0,0,0
0.0,224.0,1,226,49,49.0,1,2,0,1,0,0,0,0,0
0.0,224.0,1,226,49,49.0,0,2,0,1,0,0,0,0,0
0.0,83.0,2,9,0,22276.3,1,2,0,0,0,0,1,0,0
0.0,220.0,1,225,49,49.0,1,1,0,1,0,0,0,0,0
0.0,220.0,1,225,49,49.0,1,1,0,1,0,0,0,0,0
0.0,224.0,1,226,49,49.0,1,2,0,1,0,0,0,0,0
0.0,220.0,1,225,49,49.0,0,1,0,1,0,0,0,0,0
0.0,224.0,1,226,49,49.0,0,2,0,1,0,0,0,0,0
0.0,220.0,1,225,49,49.0,1,1,0,1,0,0,0,0,0
0.0,220.0,1,225,49,49.0,0,1,0,1,0,0,0,0,0
0.0,220.0,1,225,49,49.0,0,1,0,1,0,0,0,0,0
0.0,220.0,1,225,49,49.0,1,1,0,1,0,0,0,0,0
0.0,224.0,1,226,49,49.0,1,2,0,1,0,0,0,0,0
0.0,220.0,1,225,49,49.0,0,1,0,1,0,0,0,0,0
0.0,224.0,1,226,49,49.0,1,2,0,1,0,0,0,0,0
0.0,224.0,1,226,49,49.0,1,2,0,1,0,0,0,0,0
1.0,85.0,3,9,36624,22099.4,1,2,0,1,0,0,0,0,0
0.0,230.0,1,225,49,49.0,1,1,0,1,0,0,0,0,0
0.0,234.0,1,226,49,49.0,0,2,0,1,0,0,0,0,0
0.0,234.0,1,226,49,49.0,1,2,0,1,0,0,0,0,0
0.0,230.0,1,225,49,49.0,1,1,0,1,0,0,0,0,0
0.0,230.0,1,225,49,49.0,1,1,0,1,0,0,0,0,0
0.0,85.0,2,9,0,18437.0,1,2,0,0,0,0,1,0,0
0.0,234.0,1,226,49,49.0,1,2,0,1,0,0,0,0,0
0.0,230.0,1,225,49,49.0,0,1,0,1,0,0,0,0,0
0.0,230.0,1,225,49,49.0,1,1,0,1,0,0,0,0,0
0.0,234.0,1,226,49,49.0,1,2,0,1,0,0,0,0,0
0.0,234.0,1,226,49,49.0,1,2,0,1,0,0,0,0,0
0.0,234.0,1,226,49,49.0,0,2,0,1,0,0,0,0,0
0.0,234.0,1,226,49,49.0,0,2,0,1,0,0,0,0,0
0.0,234.0,1,226,49,49.0,0,2,0,1,0,0,0,0,0
0.0,230.0,1,225,49,49.0,0,1,0,1,0,0,0,0,0
0.0,234.0,1,226,49,49.0,1,2,0,1,0,0,0,0,0
0.0,230.0,1,225,49,49.0,0,1,0,1,0,0,0,0,0
0.0,230.0,1,225,49,49.0,0,1,0,1,0,0,0,0,0
0.0,230.0,1,225,49,49.0,1,1,0,1,0,0,0,0,0
0.0,230.0,1,225,49,49.0,0,1,0,1,0,0,0,0,0
0.0,234.0,1,226,49,49.0,0,2,0,1,0,0,0,0,0
1.0,243.0,1,225,49,49.0,0,1,0,1,0,0,0,0,0
0.0,243.0,1,225,49,49.0,1,1,0,1,0,0,0,0,0
0.0,248.0,1,226,49,49.0,0,2,0,1,0,0,0,0,0
0.0,248.0,1,226,49,49.0,1,2,0,1,0,0,0,0,0
0.0,243.0,1,225,49,49.0,1,1,0,1,0,0,0,0,0
0.0,248.0,1,226,49,49.0,1,2,0,1,0,0,0,0,0
0.0,243.0,1,225,49,49.0,1,1,0,1,0,0,0,0,0
0.0,243.0,1,225,49,49.0,0,1,0,1,0,0,0,0,0
0.0,248.0,1,226,49,49.0,1,2,0,1,0,0,0,0,0
0.0,243.0,1,225,49,49.0,1,1,0,1,0,0,0,0,0
0.0,248.0,1,226,49,49.0,0,2,0,1,0,0,0,0,0
0.0,248.0,1,226,49,49.0,0,2,0,1,0,0,0,0,0
0.0,248.0,1,226,49,49.0,1,2,0,1,0,0,0,0,0
0.0,248.0,1,226,49,49.0,0,2,0,1,0,0,0,0,0
0.0,243.0,1,225,49,49.0,0,1,0,1,0,0,0,0,0
0.0,248.0,1,226,49,49.0,0,2,0,1,0,0,0,0,0
0.0,248.0,1,226,49,49.0,1,2,0,1,0,0,0,0,0
0.0,248.0,1,226,49,49.0,0,2,0,1,0,0,0,0,0
0.0,243.0,1,225,49,49.0,0,1,0,1,0,0,0,0,0
0.0,243.0,1,225,49,49.0,1,1,0,1,0,0,0,0,0
0.0,243.0,1,225,49,49.0,0,1,0,1,0,0,0,0,0
0.0,87.0,3,9,38393,22276.3,1,2,0,1,0,0,0,0,0
0.0,248.0,1,226,49,49.0,0,2,0,1,0,0,0,0,0
0.0,87.0,2,9,0,22276.3,1,2,0,0,0,0,1,0,0
0.0,243.0,1,225,49,49.0,1,1,0,1,0,0,0,0,0
0.0,243.0,1,225,49,49.0,1,1,0,1,0,0,0,0,0
0.0,248.0,1,226,49,49.0,1,2,0,1,0,0,0,0,0
0.0,248.0,1,226,49,49.0,1,2,0,1,0,0,0,0,0
0.0,243.0,1,225,49,49.0,0,1,0,1,0,0,0,0,0
1.0,258.0,1,226,49,49.0,0,2,0,1,0,0,0,0,0
0.0,258.0,1,226,49,49.0,1,2,0,1,0,0,0,0,0
0.0,252.0,1,225,49,49.0,0,1,0,1,0,0,0,0,0
0.0,258.0,1,226,49,49.0,0,2,0,1,0,0,0,0,0
0.0,258.0,1,226,49,49.0,1,2,0,1,0,0,0,0,0
0.0,252.0,1,225,49,49.0,1,1,0,1,0,0,0,0,0
0.0,88.0,2,9,0,18601.8,1,2,0,0,0,0,1,0,0
0.0,258.0,1,226,49,49.0,1,2,0,1,0,0,0,0,0
0.0,252.0,1,225,49,49.0,0,1,0,1,0,0,0,0,0
0.0,258.0,1,226,49,49.0,1,2,0,1,0,0,0,0,0
0.0,252.0,1,225,49,49.0,0,1,0,1,0,0,0,0,0
0.0,252.0,1,225,49,49.0,0,1,0,1,0,0,0,0,0
0.0,258.0,1,226,49,49.0,1,2,0,1,0,0,0,0,0
0.0,252.0,1,225,49,49.0,1,1,0,1,0,0,0,0,0
0.0,252.0,1,225,49,49.0,0,1,0,1,0,0,0,0,0
0.0,258.0,1,226,49,49.0,0,2,0,1,0,0,0,0,0
0.0,258.0,1,226,49,49.0,0,2,0,1,0,0,0,0,0
0.0,252.0,1,225,49,49.0,1,1,0,1,0,0,0,0,0
0.0,258.0,1,226,49,49.0,0,2,0,1,0,0,0,0,0
0.0,252.0,1,225,49,49.0,1,1,0,1,0,0,0,0,0
1.0,270.0,1,226,49,49.0,0,2,0,1,0,0,0,0,0
0.0,266.0,1,225,49,49.0,0,1,0,1,0,0,0,0,0
0.0,270.0,1,226,49,49.0,1,2,0,1,0,0,0,0,0
0.0,266.0,1,225,49,49.0,1,1,0,1,0,0,0,0,0
0.0,266.0,1,225,49,49.0,0,1,0,1,0,0,0,0,0
0.0,270.0,1,226,49,49.0,0,2,0,1,0,0,0,0,0
0.0,266.0,1,225,49,49.0,1,1,0,1,0,0,0,0,0
0.0,270.0,1,226,49,49.0,0,2,0,1,0,0,0,0,0
0.0,270.0,1,226,49,49.0,1,2,0,1,0,0,0,0,0
0.0,266.0,1,225,49,49.0,0,1,0,1,0,0,0,0,0
0.0,270.0,1,226,49,49.0,1,2,0,1,0,0,0,0,0
0.0,270.0,1,226,49,49.0,1,2,0,1,0,0,0,0,0
0.0,266.0,1,225,49,49.0,1,1,0,1,0,0,0,0,0
0.0,266.0,1,225,49,49.0,0,1,0,1,0,0,0,0,0
0.0,266.0,1,225,49,49.0,0,1,0,1,0,0,0,0,0
0.0,270.0,1,226,49,49.0,1,2,0,1,0,0,0,0,0
0.0,90.0,2,9,0,18601.8,1,2,0,0,0,0,1,0,0
0.0,266.0,1,225,49,49.0,0,1,0,1,0,0,0,0,0
0.0,270.0,1,226,49,49.0,0,2,0,1,0,0,0,0,0
0.0,266.0,1,225,49,49.0,1,1,0,1,0,0,0,0,0
0.0,266.0,1,225,49,49.0,1,1,0,1,0,0,0,0,0
0.0,90.0,3,9,36746,18652.0,1,2,0,1,0,0,0,0,0
0.0,270.0,1,226,49,49.0,0,2,0,1,0,0,0,0,0
0.0,266.0,1,225,49,49.0,1,1,0,1,0,0,0,0,0
0.0,266.0,1,225,49,49.0,1,1,0,1,0,0,0,0,0
0.0,270.0,1,226,49,49.0,0,2,0,1,0,0,0,0,0
0.0,270.0,1,226,49,49.0,1,2,0,1,0,0,0,0,0
0.0,266.0,1,225,49,49.0,0,1,0,1,0,0,0,0,0
1.0,93.0,2,9,0,14977.0,1,2,0,0,0,0,1,0,0
0.0,284.0,1,226,49,49.0,0,2,0,1,0,0,0,0,0
0.0,280.0,1,225,49,49.0,1,1,0,1,0,0,0,0,0
0.0,280.0,1,225,49,49.0,1,1,0,1,0,0,0,0,0
0.0,284.0,1,226,49,49.0,1,2,0,1,0,0,0,0,0
0.0,93.0,3,9,36749,14851.2,1,2,0,1,0,0,0,0,0
0.0,284.0,1,226,49,49.0,0,2,0,1,0,0,0,0,0
0.0,280.0,1,225,49,49.0,1,1,0,1,0,0,0,0,0
0.0,284.0,1,226,49,49.0,0,2,0,1,0,0,0,0,0
0.0,280.0,1,225,49,49.0,1,1,0,1,0,0,0,0,0
0.0,284.0,1,226,49,49.0,1,2,0,1,0,0,0,0,0
0.0,284.0,1,226,49,49.0,0,2,0,1,0,0,0,0,0
0.0,280.0,1,225,49,49.0,1,1,0,1,0,0,0,0,0
0.0,280.0,1,225,49,49.0,0,1,0,1,0,0,0,0,0
0.0,284.0,1,226,49,49.0,1,2,0,1,0,0,0,0,0
0.0,280.0,1,225,49,49.0,0,1,0,1,0,0,0,0,0
0.0,284.0,1,226,49,49.0,1,2,0,1,0,0,0,0,0
0.0,284.0,1,226,49,49.0,0,2,0,1,0,0,0,0,0
0.0,284.0,1,226,49,49.0,1,2,0,1,0,0,0,0,0
0.0,284.0,1,226,49,49.0,0,2,0,1,0,0,0,0,0
0.0,280.0,1,225,49,49.0,1,1,0,1,0,0,0,0,0
0.0,280.0,1,225,49,49.0,0,1,0,1,0,0,0,0,0
0.0,93.0,3,9,36242,18475.4,1,2,0,1,0,0,0,0,0
0.0,280.0,1,225,49,49.0,1,1,0,1,0,0,0,0,0
0.0,280.0,1,225,49,49.0,0,1,0,1,0,0,0,0,0
0.0,280.0,1,225,49,49.0,0,1,0,1,0,0,0,0,0
0.0,280.0,1,225,49,49.0,0,1,0,1,0,0,0,0,0
0.0,284.0,1,226,49,49.0,1,2,0,1,0,0,0,0,0
0.0,280.0,1,225,49,49.0,0,1,0,1,0,0,0,0,0
0.0,284.0,1,226,49,49.0,1,2,0,1,0,0,0,0,0
0.0,284.0,1,226,49,49.0,0,2,0,1,0,0,0,0,0
1.0,297.0,1,226,49,49.0,1,2,0,1,0,0,0,0,0
0.0,297.0,1,226,49,49.0,0,2,0,1,0,0,0,0,0
0.0,297.0,1,226,49,49.0,0,2,0,1,0,0,0,0,0
0.0,294.0,1,225,49,49.0,1,1,0,1,0,0,0,0,0
0.0,294.0,1,225,49,49.0,0,1,0,1,0,0,0,0,0
0.0,297.0,1,226,49,49.0,1,2,0,1,0,0,0,0,0
0.0,294.0,1,225,49,49.0,0,1,0,1,0,0,0,0,0
0.0,93.0,3,9,38007,18613.7,1,2,0,1,0,0,0,0,0
0.0,297.0,1,226,49,49.0,1,2,0,1,0,0,0,0,0
0.0,294.0,1,225,49,49.0,0,1,0,1,0,0,0,0,0
0.0,297.0,1,226,49,49.0,1,2,0,1,0,0,0,0,0
0.0,297.0,1,226,49,49.0,0,2,0,1,0,0,0,0,0
0.0,294.0,1,225,49,49.0,0,1,0,1,0,0,0,0,0
0.0,297.0,1,226,49,49.0,1,2,0,1,0,0,0,0,0
0.0,297.0,1,226,49,49.0,0,2,0,1,0,0,0,0,0
0.0,294.0,1,225,49,49.0,0,1,0,1,0,0,0,0,0
0.0,294.0,1,225,49,49.0,1,1,0,1,0,0,0,0,0
0.0,297.0,1,226,49,49.0,0,2,0,1,0,0,0,0,0
0.0,294.0,1,225,49,49.0,1,1,0,1,0,0,0,0,0
0.0,297.0,1,226,49,49.0,0,2,0,1,0,0,0,0,0
0.0,297.0,1,226,49,49.0,0,2,0,1,0,0,0,0,0
0.0,294.0,1,225,49,49.0,1,1,0,1,0,0,0,0,0
0.0,93.0,2,9,0,18613.7,1,2,0,0,0,0,1,0,0
0.0,294.0,1,225,49,49.0,0,1,0,1,0,0,0,0,0
0.0,294.0,1,225,49,49.0,0,1,0,1,0,0,0,0,0
0.0,294.0,1,225,49,49.0,1,1,0,1,0,0,0,0,0
0.0,294.0,1,225,49,49.0,1,1,0,1,0,0,0,0,0
0.0,297.0,1,226,49,49.0,1,2,0,1,0,0,0,0,0
0.0,294.0,1,225,49,49.0,1,1,0,1,0,0,0,0,0
0.0,297.0,1,226,49,49.0,1,2,0,1,0,0,0,0,0
1.0,311.0,1,226,49,49.0,0,2,0,1,0,0,0,0,0
0.0,308.0,1,225,49,49.0,0,1,0,1,0,0,0,0,0
0.0,311.0,1,226,49,49.0,1,2,0,1,0,0,0,0,0
0.0,311.0,1,226,49,49.0,0,2,0,1,0,0,0,0,0
0.0,308.0,1,225,49,49.0,1,1,0,1,0,0,0,0,0
0.0,308.0,1,225,49,49.0,0,1,0,1,0,0,0,0,0
0.0,311.0,1,226,49,49.0,0,2,0,1,0,0,0,0,0
0.0,308.0,1,225,49,49.0,0,1,0,1,0,0,0,0,0
0.0,311.0,1,226,49,49.0,0,2,0,1,0,0,0,0,0
0.0,308.0,1,225,49,49.0,0,1,0,1,0,0,0,0,0
0.0,311.0,1,226,49,49.0,1,2,0,1,0,0,0,0,0
0.0,308.0,1,225,49,49.0,0,1,0,1,0,0,0,0,0
0.0,311.0,1,226,49,49.0,0,2,0,1,0,0,0,0,0
0.0,308.0,1,225,49,49.0,1,1,0,1,0,0,0,0,0
0.0,311.0,1,226,49,49.0,0,2,0,1,0,0,0,0,0
0.0,311.0,1,226,49,49.0,1,2,0,1,0,0,0,0,0
0.0,308.0,1,225,49,49.0,1,1,0,1,0,0,0,0,0
0.0,308.0,1,225,49,49.0,1,1,0,1,0,0,0,0,0
0.0,95.0,3,9,36122,18386.6,1,2,0,1,0,0,0,0,0
0.0,311.0,1,226,49,49.0,1,2,0,1,0,0,0,0,0
0.0,311.0,1,226,49,49.0,0,2,0,1,0,0,0,0,0
0.0,311.0,1,226,49,49.0,1,2,0,1,0,0,0,0,0
0.0,308.0,1,225,49,49.0,1,1,0,1,0,0,0,0,0
0.0,308.0,1,225,49,49.0,0,1,0,1,0,0,0,0,0
0.0,95.0,2,9,0,18386.6,1,2,0,0,0,0,1,0,0
0.0,311.0,1,226,49,49.0,1,2,0,1,0,0,0,0,0
0.0,308.0,1,225,49,49.0,1,1,0,1,0,0,0,0,0
0.0,308.0,1,225,49,49.0,1,1,0,1,0,0,0,0,0
0.0,311.0,1,226,49,49.0,1,2,0,1,0,0,0,0,0
0.0,308.0,1,225,49,49.0,0,1,0,1,0,0,0,0,0
1.0,322.0,1,225,49,49.0,0,1,0,1,0,0,0,0,0
0.0,322.0,1,225,49,49.0,0,1,0,1,0,0,0,0,0
0.0,325.0,1,226,49,49.0,0,2,0,1,0,0,0,0,0
0.0,322.0,1,225,49,49.0,0,1,0,1,0,0,0,0,0
0.0,322.0,1,225,49,49.0,1,1,0,1,0,0,0,0,0
0.0,322.0,1,225,49,49.0,1,1,0,1,0,0,0,0,0
0.0,98.0,2,9,0,18386.6,1,2,0,0,0,0,1,0,0
0.0,325.0,1,226,49,49.0,1,2,0,1,0,0,0,0,0
0.0,325.0,1,226,49,49.0,1,2,0,1,0,0,0,0,0
0.0,322.0,1,225,49,49.0,0,1,0,1,0,0,0,0,0
0.0,325.0,1,226,49,49.0,0,2,0,1,0,0,0,0,0
0.0,325.0,1,226,49,49.0,0,2,0,1,0,0,0,0,0
0.0,325.0,1,226,49,49.0,0,2,0,1,0,0,0,0,0
0.0,322.0,1,225,49,49.0,1,1,0,1,0,0,0,0,0
0.0,322.0,1,225,49,49.0,1,1,0,1,0,0,0,0,0
0.0,325.0,1,226,49,49.0,0,2,0,1,0,0,0,0,0
0.0,322.0,1,225,49,49.0,1,1,0,1,0,0,0,0,0
0.0,322.0,1,225,49,49.0,1,1,0,1,0,0,0,0,0
0.0,98.0,2,9,0,18386.6,1,2,0,0,0,0,1,0,0
0.0,325.0,1,226,49,49.0,0,2,0,1,0,0,0,0,0
0.0,322.0,1,225,49,49.0,0,1,0,1,0,0,0,0,0
0.0,322.0,1,225,49,49.0,0,1,0,1,0,0,0,0,0
0.0,98.0,3,9,37251,18437.1,1,2,0,1,0,0,0,0,0
0.0,325.0,1,226,49,49.0,1,2,0,1,0,0,0,0,0
0.0,325.0,1,226,49,49.0,1,2,0,1,0,0,0,0,0
0.0,325.0,1,226,49,49.0,1,2,0,1,0,0,0,0,0
0.0,325.0,1,226,49,49.0,1,2,0,1,0,0,0,0,0
0.0,322.0,1,225,49,49.0,0,1,0,1,0,0,0,0,0
0.0,325.0,1,226,49,49.0,1,2,0,1,0,0,0,0,0
0.0,322.0,1,225,49,49.0,1,1,0,1,0,0,0,0,0
0.0,325.0,1,226,49,49.0,0,2,0,1,0,0,0,0,0
1.0,332.0,1,225,49,49.0,1,1,0,1,0,0,0,0,0
0.0,335.0,1,226,49,49.0,1,2,0,1,0,0,0,0,0
0.0,335.0,1,226,49,49.0,0,2,0,1,0,0,0,0,0
0.0,335.0,1,226,49,49.0,0,2,0,1,0,0,0,0,0
0.0,332.0,1,225,49,49.0,1,1,0,1,0,0,0,0,0
0.0,332.0,1,225,49,49.0,0,1,0,1,0,0,0,0,0
0.0,332.0,1,225,49,49.0,1,1,0,1,0,0,0,0,0
0.0,335.0,1,226,49,49.0,1,2,0,1,0,0,0,0,0
0.0,99.0,3,9,37384,22175.5,1,2,0,1,0,0,0,0,0
0.0,332.0,1,225,49,49.0,1,1,0,1,0,0,0,0,0
0.0,332.0,1,225,49,49.0,0,1,0,1,0,0,0,0,0
0.0,335.0,1,226,49,49.0,1,2,0,1,0,0,0,0,0
0.0,335.0,1,226,49,49.0,1,2,0,1,0,0,0,0,0
0.0,332.0,1,225,49,49.0,0,1,0,1,0,0,0,0,0
0.0,332.0,1,225,49,49.0,0,1,0,1,0,0,0,0,0
0.0,335.0,1,226,49,49.0,0,2,0,1,0,0,0,0,0
0.0,335.0,1,226,49,49.0,0,2,0,1,0,0,0,0,0
0.0,332.0,1,225,49,49.0,1,1,0,1,0,0,0,0,0
0.0,335.0,1,226,49,49.0,1,2,0,1,0,0,0,0,0
0.0,335.0,1,226,49,49.0,0,2,0,1,0,0,0,0,0
0.0,332.0,1,225,49,49.0,0,1,0,1,0,0,0,0,0
1.0,120.0,2,9,0,18500.6,1,2,0,0,0,0,1,0,0
0.0,120.0,3,9,36745,18550.9,1,2,0,1,0,0,0,0,0
0.0,120.0,3,9,36242,18374.4,1,2,0,1,0,0,0,0,0
0.0,120.0,2,9,0,18374.4,1,2,0,0,0,0,1,0,0
0.0,120.0,2,9,0,14762.2,1,2,0,0,0,0,1,0,0
0.0,120.0,3,9,36745,18436.7,1,2,0,1,0,0,0,0,0
0.0,120.0,2,9,0,18436.7,1,2,0,0,0,0,1,0,0
0.0,120.0,3,9,36242,22060.9,1,2,0,1,0,0,0,0,0
0.0,120.0,3,9,36745,22010.3,1,2,0,1,0,0,0,0,0
0.0,336.0,16,225,0,44.1,1,1,1,0,0,0,0,0,0
0.0,336.0,16,225,0,39.2,0,1,1,0,0,0,0,0,0
0.0,336.0,1,225,49,39.2,1,1,0,1,0,0,0,0,0
0.0,120.0,2,9,0,18271.9,1,2,0,0,0,0,1,0,0
0.0,120.0,2,9,0,18271.9,1,2,0,0,0,0,1,0,0
0.0,120.0,3,9,38393,18436.7,1,2,0,1,0,0,0,0,0
0.0,120.0,2,9,0,14812.5,1,2,0,0,0,0,1,0,0
0.0,120.0,2,9,0,14812.5,1,2,0,0,0,0,1,0,0
0.0,120.0,3,9,36242,18436.7,1,2,0,1,0,0,0,0,0
0.0,120.0,2,9,0,14762.2,1,2,0,0,0,0,1,0,0
0.0,336.0,1,225,49,39.2,0,1,0,1,0,0,0,0,0
0.0,120.0,2,9,0,14762.2,1,2,0,0,0,0,1,0,0
0.0,339.0,1,226,49,49.0,0,2,0,1,0,0,0,0,0
0.0,339.0,1,226,49,49.0,1,2,0,1,0,0,0,0,0
0.0,120.0,3,9,38393,14977.3,1,2,0,1,0,0,0,0,0
0.0,120.0,3,9,36745,14977.3,1,2,0,1,0,0,0,0,0
0.0,120.0,3,9,38393,18816.6,1,2,0,1,0,0,0,0,0
0.0,120.0,2,9,0,18816.6,1,2,0,0,0,0,1,0,0
0.0,339.0,16,226,0,44.1,1,2,1,0,0,0,0,0,0
0.0,339.0,16,226,0,39.2,0,2,1,0,0,0,0,0,0
1.0,351.0,16,226,0,34.3,0,2,1,0,0,0,0,0,0
0.0,348.0,16,225,0,34.3,0,1,1,0,0,0,0,0,0
0.0,126.0,3,9,36749,18652.2,1,2,0,1,0,0,0,0,0
0.0,351.0,16,226,0,29.4,1,2,1,0,0,0,0,0,0
0.0,348.0,16,225,0,29.4,0,1,1,0,0,0,0,0,0
0.0,351.0,16,226,0,24.5,1,2,1,0,0,0,0,0,0
0.0,351.0,16,226,0,19.6,0,2,1,0,0,0,0,0,0
0.0,348.0,16,225,0,24.5,0,1,1,0,0,0,0,0,0
0.0,351.0,16,226,0,14.7,1,2,1,0,0,0,0,0,0
0.0,351.0,16,226,0,9.8,0,2,1,0,0,0,0,0,0
0.0,351.0,16,226,0,4.9,0,2,1,0,0,0,0,0,0
0.0,351.0,16,226,0,0.0,1,2,1,0,0,0,0,0,0
0.0,348.0,16,225,0,19.6,1,1,1,0,0,0,0,0,0
0.0,351.0,16,226,0,0.0,1,2,1,0,0,0,0,0,0
0.0,348.0,16,225,0,14.7,1,1,1,0,0,0,0,0,0
0.0,351.0,16,226,0,0.0,1,2,1,0,0,0,0,0,0
0.0,348.0,16,225,0,9.8,1,1,1,0,0,0,0,0,0
0.0,126.0,3,9,38007,22452.9,1,2,0,1,0,0,0,0,0
0.0,351.0,16,226,0,0.0,0,2,1,0,0,0,0,0,0
0.0,126.0,2,9,0,22452.9,1,2,0,0,0,0,1,0,0
0.0,348.0,16,225,0,9.8,0,1,1,0,0,0,0,0,0
0.0,348.0,16,225,0,9.8,1,1,1,0,0,0,0,0,0
0.0,348.0,16,225,0,4.9,0,1,1,0,0,0,0,0,0
0.0,126.0,2,9,0,18828.7,1,2,0,0,0,0,1,0,0
0.0,351.0,16,226,0,0.0,0,2,1,0,0,0,0,0,0
0.0,348.0,16,225,0,0.0,0,1,1,0,0,0,0,0,0
0.0,348.0,16,225,0,0.0,1,1,1,0,0,0,0,0,0
0.0,348.0,16,225,0,0.0,1,1,1,0,0,0,0,0,0
0.0,126.0,2,9,0,18828.7,1,2,0,0,0,0,1,0,0
0.0,126.0,3,9,36237,22452.4,1,2,0,1,0,0,0,0,0
1.0,360.0,16,225,0,0.0,0,1,1,0,0,0,0,0,0
0.0,360.0,16,225,0,0.0,1,1,1,0,0,0,0,0,0
0.0,131.0,2,9,0,18613.1,1,2,0,0,0,0,1,0,0
0.0,360.0,16,225,0,0.0,1,1,1,0,0,0,0,0,0
0.0,364.0,16,226,0,0.0,0,2,1,0,0,0,0,0,0
0.0,364.0,16,226,0,0.0,0,2,1,0,0,0,0,0,0
0.0,364.0,16,226,0,0.0,0,2,1,0,0,0,0,0,0
0.0,360.0,16,225,0,0.0,0,1,1,0,0,0,0,0,0
0.0,364.0,16,226,0,0.0,1,2,1,0,0,0,0,0,0
0.0,131.0,3,9,36749,18613.5,1,2,0,1,0,0,0,0,0
0.0,364.0,16,226,0,0.0,0,2,1,0,0,0,0,0,0
0.0,131.0,3,9,37384,18512.6,1,2,0,1,0,0,0,0,0
0.0,360.0,16,225,0,0.0,1,1,1,0,0,0,0,0,0
0.0,364.0,16,226,0,0.0,1,2,1,0,0,0,0,0,0
0.0,364.0,16,226,0,0.0,1,2,1,0,0,0,0,0,0
0.0,364.0,16,226,0,0.0,0,2,1,0,0,0,0,0,0
0.0,360.0,16,225,0,0.0,1,1,1,0,0,0,0,0,0
0.0,364.0,16,226,0,0.0,1,2,1,0,0,0,0,0,0
0.0,364.0,16,226,0,0.0,0,2,1,0,0,0,0,0,0
0.0,131.0,3,9,36624,22175.0,1,2,0,1,0,0,0,0,0
0.0,360.0,16,225,0,0.0,1,1,1,0,0,0,0,0,0
0.0,360.0,16,225,0,0.0,0,1,1,0,0,0,0,0,0
0.0,360.0,16,225,0,0.0,0,1,1,0,0,0,0,0,0
0.0,360.0,16,225,0,0.0,0,1,1,0,0,0,0,0,0
0.0,360.0,16,225,0,0.0,1,1,1,0,0,0,0,0,0
0.0,364.0,16,226,0,0.0,1,2,1,0,0,0,0,0,0
0.0,364.0,16,226,0,0.0,1,2,1,0,0,0,0,0,0
0.0,131.0,2,9,0,18500.1,1,2,0,0,0,0,1,0,0
0.0,364.0,8,226,0,0.0,1,0,1,0,0,0,0,0,0
0.0,360.0,16,225,0,0.0,0,1,1,0,0,0,0,0,0
1.0,138.0,2,9,0,14699.4,1,2,0,0,0,0,1,0,0
0.0,138.0,2,9,0,14699.4,1,2,0,0,0,0,1,0,0
0.0,375.0,16,226,0,0.0,1,2,1,0,0,0,0,0,0
0.0,371.0,16,225,0,0.0,0,1,1,0,0,0,0,0,0
0.0,375.0,16,226,0,0.0,1,2,1,0,0,0,0,0,0
0.0,375.0,16,226,0,0.0,0,2,1,0,0,0,0,0,0
0.0,138.0,3,9,36748,18374.2,1,2,0,1,0,0,0,0,0
0.0,371.0,16,225,0,0.0,1,1,1,0,0,0,0,0,0
0.0,371.0,16,225,0,0.0,1,1,1,0,0,0,0,0,0
0.0,138.0,3,9,36242,21998.4,1,2,0,1,0,0,0,0,0
0.0,375.0,16,226,0,0.0,0,2,1,0,0,0,0,0,0
0.0,138.0,3,9,38393,22214.0,1,2,0,1,0,0,0,0,0
0.0,138.0,2,9,0,22214.0,1,2,0,0,0,0,1,0,0
0.0,375.0,16,226,0,0.0,0,2,1,0,0,0,0,0,0
0.0,371.0,16,225,0,0.0,0,1,1,0,0,0,0,0,0
0.0,371.0,16,225,0,0.0,0,1,1,0,0,0,0,0,0
0.0,375.0,16,226,0,0.0,0,2,1,0,0,0,0,0,0
0.0,371.0,16,225,0,0.0,1,1,1,0,0,0,0,0,0
0.0,375.0,16,226,0,0.0,1,2,1,0,0,0,0,0,0
0.0,371.0,16,225,0,0.0,1,1,1,0,0,0,0,0,0
0.0,371.0,16,225,0,0.0,0,1,1,0,0,0,0,0,0
0.0,371.0,16,225,0,0.0,1,1,1,0,0,0,0,0,0
0.0,375.0,16,226,0,0.0,1,2,1,0,0,0,0,0,0
0.0,371.0,16,225,0,0.0,0,1,1,0,0,0,0,0,0
0.0,138.0,2,9,0,18539.1,1,2,0,0,0,0,1,0,0
0.0,375.0,16,226,0,0.0,0,2,1,0,0,0,0,0,0
0.0,371.0,16,225,0,0.0,0,1,1,0,0,0,0,0,0
0.0,371.0,16,225,0,0.0,1,1,1,0,0,0,0,0,0
0.0,375.0,16,226,0,0.0,1,2,1,0,0,0,0,0,0
0.0,375.0,16,226,0,0.0,0,2,1,0,0,0,0,0,0
0.0,375.0,16,226,0,0.0,1,2,1,0,0,0,0,0,0
1.0,389.0,16,226,0,0.0,0,2,1,0,0,0,0,0,0
0.0,145.0,2,9,0,14800.7,1,2,0,0,0,0,1,0,0
0.0,145.0,3,9,37251,14863.4,1,2,0,1,0,0,0,0,0
0.0,389.0,16,226,0,0.0,0,2,1,0,0,0,0,0,0
0.0,385.0,16,225,0,0.0,0,1,1,0,0,0,0,0,0
0.0,385.0,16,225,0,0.0,1,1,1,0,0,0,0,0,0
0.0,389.0,16,226,0,0.0,1,2,1,0,0,0,0,0,0
0.0,145.0,2,9,0,14863.4,1,2,0,0,0,0,1,0,0
0.0,385.0,16,225,0,0.0,1,1,1,0,0,0,0,0,0
0.0,389.0,16,226,0,0.0,1,2,1,0,0,0,0,0,0
0.0,389.0,16,226,0,0.0,0,2,1,0,0,0,0,0,0
0.0,145.0,3,9,36740,18537.4,1,2,0,1,0,0,0,0,0
0.0,389.0,16,226,0,0.0,0,2,1,0,0,0,0,0,0
0.0,389.0,16,226,0,0.0,1,2,1,0,0,0,0,0,0
0.0,385.0,16,225,0,0.0,0,1,1,0,0,0,0,0,0
0.0,389.0,16,226,0,0.0,1,2,1,0,0,0,0,0,0
0.0,389.0,16,226,0,0.0,0,2,1,0,0,0,0,0,0
0.0,385.0,16,225,0,0.0,1,1,1,0,0,0,0,0,0
0.0,385.0,16,225,0,0.0,0,1,1,0,0,0,0,0,0
0.0,145.0,3,9,37384,22275.8,1,2,0,1,0,0,0,0,0
0.0,389.0,16,226,0,0.0,0,2,1,0,0,0,0,0,0
0.0,385.0,16,225,0,0.0,1,1,1,0,0,0,0,0,0
0.0,389.0,16,226,0,0.0,0,2,1,0,0,0,0,0,0
0.0,385.0,16,225,0,0.0,1,1,1,0,0,0,0,0,0
0.0,385.0,16,225,0,0.0,0,1,1,0,0,0,0,0,0
0.0,385.0,16,225,0,0.0,1,1,1,0,0,0,0,0,0
0.0,385.0,16,225,0,0.0,1,1,1,0,0,0,0,0,0
0.0,389.0,16,226,0,0.0,1,2,1,0,0,0,0,0,0
0.0,385.0,16,225,0,0.0,0,1,1,0,0,0,0,0,0
0.0,145.0,3,9,36745,22275.5,1,2,0,1,0,0,0,0,0
0.0,389.0,16,226,0,0.0,1,2,1,0,0,0,0,0,0
0.0,145.0,2,9,0,18651.3,1,2,0,0,0,0,1,0,0
0.0,385.0,16,225,0,0.0,0,1,1,0,0,0,0,0,0
0.0,385.0,16,225,0,0.0,0,1,1,0,0,0,0,0,0
0.0,389.0,16,226,0,0.0,1,2,1,0,0,0,0,0,0
1.0,399.0,16,226,0,0.0,1,2,1,0,0,0,0,0,0
0.0,395.0,16,225,0,0.0,1,1,1,0,0,0,0,0,0
0.0,395.0,16,225,0,0.0,0,1,1,0,0,0,0,0,0
0.0,395.0,16,225,0,0.0,1,1,1,0,0,0,0,0,0
0.0,399.0,16,226,0,0.0,0,2,1,0,0,0,0,0,0
0.0,153.0,3,9,36624,18474.4,1,2,0,1,0,0,0,0,0
0.0,153.0,2,9,0,18474.4,1,2,0,0,0,0,1,0,0
0.0,399.0,16,226,0,0.0,1,2,1,0,0,0,0,0,0
0.0,399.0,16,226,0,0.0,0,2,1,0,0,0,0,0,0
0.0,399.0,16,226,0,0.0,0,2,1,0,0,0,0,0,0
0.0,399.0,16,226,0,0.0,0,2,1,0,0,0,0,0,0
0.0,395.0,16,225,0,0.0,0,1,1,0,0,0,0,0,0
0.0,395.0,16,225,0,0.0,1,1,1,0,0,0,0,0,0
0.0,399.0,16,226,0,0.0,1,2,1,0,0,0,0,0,0
0.0,395.0,16,225,0,0.0,0,1,1,0,0,0,0,0,0
0.0,153.0,2,9,0,18474.4,1,2,0,0,0,0,1,0,0
0.0,395.0,16,225,0,0.0,1,1,1,0,0,0,0,0,0
0.0,153.0,3,9,38007,22275.1,1,2,0,1,0,0,0,0,0
0.0,399.0,16,226,0,0.0,0,2,1,0,0,0,0,0,0
0.0,153.0,2,9,0,18550.0,1,2,0,0,0,0,1,0,0
0.0,153.0,3,9,36242,22174.2,1,2,0,1,0,0,0,0,0
0.0,395.0,16,225,0,0.0,1,1,1,0,0,0,0,0,0
0.0,395.0,16,225,0,0.0,0,1,1,0,0,0,0,0,0
0.0,399.0,16,226,0,0.0,1,2,1,0,0,0,0,0,0
0.0,153.0,3,9,36749,22175.1,1,2,0,1,0,0,0,0,0
0.0,395.0,16,225,0,0.0,1,1,1,0,0,0,0,0,0
0.0,153.0,2,9,0,18436.7,1,2,0,0,0,0,1,0,0
0.0,399.0,16,226,0,0.0,1,2,1,0,0,0,0,0,0
0.0,395.0,16,225,0,0.0,0,1,1,0,0,0,0,0,0
0.0,399.0,16,226,0,0.0,1,2,1,0,0,0,0,0,0
0.0,399.0,16,226,0,0.0,0,2,1,0,0,0,0,0,0
0.0,395.0,16,225,0,0.0,0,1,1,0,0,0,0,0,0
1.0,407.0,16,225,0,0.0,0,1,1,0,0,0,0,0,0
0.0,407.0,16,225,0,0.0,1,1,1,0,0,0,0,0,0
0.0,407.0,16,225,0,0.0,0,1,1,0,0,0,0,0,0
0.0,158.0,2,9,0,14762.2,1,2,0,0,0,0,1,0,0
0.0,411.0,16,226,0,0.0,0,2,1,0,0,0,0,0,0
0.0,407.0,16,225,0,0.0,0,1,1,0,0,0,0,0,0
0.0,407.0,16,225,0,0.0,1,1,1,0,0,0,0,0,0
0.0,411.0,16,226,0,0.0,1,2,1,0,0,0,0,0,0
0.0,411.0,16,226,0,0.0,1,2,1,0,0,0,0,0,0
0.0,407.0,16,225,0,0.0,1,1,1,0,0,0,0,0,0
0.0,158.0,3,9,34857,18247.9,1,2,0,1,0,0,0,0,0
0.0,411.0,16,226,0,0.0,1,2,1,0,0,0,0,0,0
0.0,158.0,2,9,0,14585.5,1,2,0,0,0,0,1,0,0
0.0,158.0,2,9,0,14585.5,1,2,0,0,0,0,1,0,0
0.0,407.0,16,225,0,0.0,1,1,1,0,0,0,0,0,0
0.0,411.0,16,226,0,0.0,0,2,1,0,0,0,0,0,0
0.0,158.0,3,9,27420,17327.5,1,2,0,1,0,0,0,0,0
0.0,407.0,16,225,0,0.0,0,1,1,0,0,0,0,0,0
0.0,411.0,16,226,0,0.0,0,2,1,0,0,0,0,0,0
0.0,407.0,16,225,0,0.0,1,1,1,0,0,0,0,0,0
0.0,411.0,16,226,0,0.0,0,2,1,0,0,0,0,0,0
0.0,411.0,16,226,0,0.0,1,2,1,0,0,0,0,0,0
0.0,411.0,16,226,0,0.0,1,2,1,0,0,0,0,0,0
0.0,407.0,16,225,0,0.0,0,1,1,0,0,0,0,0,0
0.0,411.0,16,226,0,0.0,1,2,1,0,0,0,0,0,0
0.0,407.0,16,225,0,0.0,0,1,1,0,0,0,0,0,0
0.0,407.0,16,225,0,0.0,1,1,1,0,0,0,0,0,0
0.0,411.0,16,226,0,0.0,0,2,1,0,0,0,0,0,0
0.0,158.0,3,9,28764,16403.2,1,2,0,1,0,0,0,0,0
0.0,158.0,2,9,0,16403.2,1,2,0,0,0,0,1,0,0
0.0,411.0,16,226,0,0.0,0,2,1,0,0,0,0,0,0
1.0,416.0,16,225,0,0.0,1,1,1,0,0,0,0,0,0
0.0,416.0,16,225,0,0.0,0,1,1,0,0,0,0,0,0
0.0,421.0,16,226,0,0.0,0,2,1,0,0,0,0,0,0
0.0,166.0,3,9,33110,16090.0,1,2,0,1,0,0,0,0,0
0.0,166.0,2,9,0,12415.1,1,2,0,0,0,0,1,0,0
0.0,416.0,16,225,0,0.0,1,1,1,0,0,0,0,0,0
0.0,166.0,2,9,0,12415.1,1,2,0,0,0,0,1,0,0
0.0,416.0,16,225,0,0.0,1,1,1,0,0,0,0,0,0
0.0,421.0,16,226,0,0.0,0,2,1,0,0,0,0,0,0
0.0,421.0,16,226,0,0.0,1,2,1,0,0,0,0,0,0
0.0,166.0,3,9,35030,15918.1,1,2,0,1,0,0,0,0,0
0.0,416.0,16,225,0,0.0,0,1,1,0,0,0,0,0,0
0.0,416.0,16,225,0,0.0,1,1,1,0,0,0,0,0,0
0.0,421.0,16,226,0,0.0,1,2,1,0,0,0,0,0,0
0.0,166.0,2,9,0,12432.4,1,2,0,0,0,0,1,0,0
0.0,166.0,3,9,34072,15839.6,1,2,0,1,0,0,0,0,0
0.0,421.0,16,226,0,0.0,0,2,1,0,0,0,0,0,0
0.0,421.0,16,226,0,0.0,1,2,1,0,0,0,0,0,0
0.0,421.0,16,226,0,0.0,0,2,1,0,0,0,0,0,0
0.0,421.0,16,226,0,0.0,1,2,1,0,0,0,0,0,0
0.0,416.0,16,225,0,0.0,1,1,1,0,0,0,0,0,0
0.0,416.0,16,225,0,0.0,0,1,1,0,0,0,0,0,0
0.0,421.0,16,226,0,0.0,0,2,1,0,0,0,0,0,0
0.0,166.0,3,9,35946,19434.2,1,2,0,1,0,0,0,0,0
0.0,166.0,2,9,0,16692.2,1,2,0,0,0,0,1,0,0
0.0,421.0,16,226,0,0.0,1,2,1,0,0,0,0,0,0
0.0,421.0,16,226,0,0.0,0,2,1,0,0,0,0,0,0
0.0,416.0,16,225,0,0.0,1,1,1,0,0,0,0,0,0
0.0,416.0,16,225,0,0.0,0,1,1,0,0,0,0,0,0
0.0,421.0,16,226,0,0.0,1,2,1,0,0,0,0,0,0
0.0,416.0,16,225,0,0.0,0,1,1,0,0,0,0,0,0
1.0,428.0,16,226,0,0.0,1,2,1,0,0,0,0,0,0
0.0,426.0,16,225,0,0.0,0,1,1,0,0,0,0,0,0
0.0,426.0,16,225,0,0.0,0,1,1,0,0,0,0,0,0
0.0,428.0,16,226,0,0.0,1,2,1,0,0,0,0,0,0
0.0,174.0,2,9,0,13815.8,1,2,0,0,0,0,1,0,0
0.0,426.0,16,225,0,0.0,0,1,1,0,0,0,0,0,0
0.0,426.0,16,225,0,0.0,1,1,1,0,0,0,0,0,0
0.0,174.0,2,9,0,13815.8,1,2,0,0,0,0,1,0,0
0.0,174.0,3,9,33672,13872.0,1,2,0,1,0,0,0,0,0
0.0,174.0,2,9,0,13872.0,1,2,0,0,0,0,1,0,0
0.0,426.0,16,225,0,0.0,0,1,1,0,0,0,0,0,0
0.0,426.0,16,225,0,0.0,0,1,1,0,0,0,0,0,0
0.0,174.0,3,9,32644,17136.4,1,2,0,1,0,0,0,0,0
0.0,428.0,16,226,0,0.0,1,2,1,0,0,0,0,0,0
0.0,174.0,3,9,31313,16764.7,1,2,0,1,0,0,0,0,0
0.0,426.0,16,225,0,0.0,1,1,1,0,0,0,0,0,0
0.0,426.0,16,225,0,0.0,1,1,1,0,0,0,0,0,0
0.0,426.0,16,225,0,0.0,0,1,1,0,0,0,0,0,0
0.0,426.0,16,225,0,0.0,1,1,1,0,0,0,0,0,0
0.0,174.0,3,9,34743,20239.0,1,2,0,1,0,0,0,0,0
0.0,174.0,2,9,0,16831.8,1,2,0,0,0,0,1,0,0
0.0,428.0,16,226,0,0.0,0,2,1,0,0,0,0,0,0
0.0,426.0,16,225,0,0.0,1,1,1,0,0,0,0,0,0
0.0,428.0,16,226,0,0.0,1,2,1,0,0,0,0,0,0
0.0,428.0,16,226,0,0.0,0,2,1,0,0,0,0,0,0
0.0,428.0,16,226,0,0.0,0,2,1,0,0,0,0,0,0
0.0,428.0,16,226,0,0.0,0,2,1,0,0,0,0,0,0
0.0,428.0,16,226,0,0.0,0,2,1,0,0,0,0,0,0
0.0,428.0,16,226,0,0.0,1,2,1,0,0,0,0,0,0
1.0,430.0,16,225,0,0.0,0,1,1,0,0,0,0,0,0
0.0,434.0,16,226,0,0.0,0,2,1,0,0,0,0,0,0
0.0,430.0,16,225,0,0.0,1,1,1,0,0,0,0,0,0
0.0,177.0,3,9,33688,16606.0,1,2,0,1,0,0,0,0,0
0.0,430.0,16,225,0,0.0,1,1,1,0,0,0,0,0,0
0.0,434.0,16,226,0,0.0,1,2,1,0,0,0,0,0,0
0.0,430.0,16,225,0,0.0,0,1,1,0,0,0,0,0,0
0.0,177.0,3,9,33678,19973.8,1,2,0,1,0,0,0,0,0
0.0,430.0,16,225,0,0.0,0,1,1,0,0,0,0,0,0
0.0,434.0,16,226,0,0.0,1,2,1,0,0,0,0,0,0
0.0,177.0,2,9,0,19973.8,1,2,0,0,0,0,1,0,0
0.0,434.0,16,226,0,0.0,0,2,1,0,0,0,0,0,0
0.0,430.0,16,225,0,0.0,0,1,1,0,0,0,0,0,0
0.0,434.0,16,226,0,0.0,1,2,1,0,0,0,0,0,0
0.0,434.0,16,226,0,0.0,0,2,1,0,0,0,0,0,0
0.0,434.0,16,226,0,0.0,0,2,1,0,0,0,0,0,0
0.0,430.0,16,225,0,0.0,1,1,1,0,0,0,0,0,0
0.0,177.0,3,9,33688,23342.6,1,2,0,1,0,0,0,0,0
0.0,434.0,16,226,0,0.0,1,2,1,0,0,0,0,0,0
0.0,177.0,2,9,0,19975.4,1,2,0,0,0,0,1,0,0
0.0,177.0,3,9,33688,23344.2,1,2,0,1,0,0,0,0,0
0.0,434.0,16,226,0,0.0,1,2,1,0,0,0,0,0,0
0.0,434.0,16,226,0,0.0,0,2,1,0,0,0,0,0,0
0.0,430.0,16,225,0,0.0,1,1,1,0,0,0,0,0,0
0.0,430.0,16,225,0,0.0,0,1,1,0,0,0,0,0,0
0.0,430.0,16,225,0,0.0,0,1,1,0,0,0,0,0,0
0.0,434.0,16,226,0,0.0,1,2,1,0,0,0,0,0,0
0.0,430.0,16,225,0,0.0,1,1,1,0,0,0,0,0,0
0.0,177.0,2,9,0,20079.8,1,2,0,0,0,0,1,0,0
0.0,434.0,16,226,0,0.0,0,2,1,0,0,0,0,0,0
0.0,430.0,16,225,0,0.0,1,1,1,0,0,0,0,0,0
1.0,440.0,16,226,0,0.0,0,2,1,0,0,0,0,0,0
0.0,440.0,16,226,0,0.0,1,2,1,0,0,0,0,0,0
0.0,182.0,2,9,0,16948.5,1,2,0,0,0,0,1,0,0
0.0,437.0,16,225,0,0.0,1,1,1,0,0,0,0,0,0
0.0,440.0,16,226,0,0.0,1,2,1,0,0,0,0,0,0
0.0,437.0,16,225,0,0.0,1,1,1,0,0,0,0,0,0
0.0,440.0,16,226,0,0.0,0,2,1,0,0,0,0,0,0
0.0,182.0,2,9,0,13474.2,1,2,0,0,0,0,1,0,0
0.0,437.0,16,225,0,0.0,0,1,1,0,0,0,0,0,0
0.0,440.0,16,226,0,0.0,0,2,1,0,0,0,0,0,0
0.0,440.0,16,226,0,0.0,1,2,1,0,0,0,0,0,0
0.0,182.0,3,9,33686,16842.8,1,2,0,1,0,0,0,0,0
0.0,437.0,16,225,0,0.0,1,1,1,0,0,0,0,0,0
0.0,440.0,16,226,0,0.0,0,2,1,0,0,0,0,0,0
0.0,440.0,16,226,0,0.0,1,2,1,0,0,0,0,0,0
0.0,437.0,16,225,0,0.0,0,1,1,0,0,0,0,0,0
0.0,437.0,16,225,0,0.0,0,1,1,0,0,0,0,0,0
0.0,440.0,16,226,0,0.0,1,2,1,0,0,0,0,0,0
0.0,182.0,3,9,33364,16810.4,1,2,0,1,0,0,0,0,0
0.0,182.0,2,9,0,13442.6,1,2,0,0,0,0,1,0,0
0.0,182.0,3,9,33692,16811.8,1,2,0,1,0,0,0,0,0
0.0,440.0,16,226,0,0.0,0,2,1,0,0,0,0,0,0
0.0,437.0,16,225,0,0.0,0,1,1,0,0,0,0,0,0
0.0,437.0,16,225,0,0.0,1,1,1,0,0,0,0,0,0
0.0,440.0,16,226,0,0.0,1,2,1,0,0,0,0,0,0
0.0,437.0,16,225,0,0.0,0,1,1,0,0,0,0,0,0
0.0,437.0,16,225,0,0.0,1,1,1,0,0,0,0,0,0
0.0,437.0,16,225,0,0.0,1,1,1,0,0,0,0,0,0
0.0,440.0,16,226,0,0.0,0,2,1,0,0,0,0,0,0
0.0,182.0,2,9,0,13443.0,1,2,0,0,0,0,1,0,0
1.0,440.0,16,225,0,0.0,0,1,1,0,0,0,0,0,0
0.0,445.0,16,226,0,0.0,0,2,1,0,0,0,0,0,0
0.0,440.0,16,225,0,0.0,1,1,1,0,0,0,0,0,0
0.0,185.0,2,9,0,13443.0,1,2,0,0,0,0,1,0,0
0.0,445.0,16,226,0,0.0,1,2,1,0,0,0,0,0,0
0.0,445.0,16,226,0,0.0,0,2,1,0,0,0,0,0,0
0.0,445.0,16,226,0,0.0,1,2,1,0,0,0,0,0,0
0.0,440.0,16,225,0,0.0,0,1,1,0,0,0,0,0,0
0.0,445.0,16,226,0,0.0,1,2,1,0,0,0,0,0,0
0.0,440.0,16,225,0,0.0,1,1,1,0,0,0,0,0,0
0.0,440.0,16,225,0,0.0,0,1,1,0,0,0,0,0,0
0.0,185.0,2,9,0,10074.2,1,2,0,0,0,0,1,0,0
0.0,445.0,16,226,0,0.0,1,2,1,0,0,0,0,0,0
0.0,440.0,16,225,0,0.0,1,1,1,0,0,0,0,0,0
0.0,445.0,16,226,0,0.0,1,2,1,0,0,0,0,0,0
0.0,445.0,16,226,0,0.0,0,2,1,0,0,0,0,0,0
0.0,440.0,16,225,0,0.0,1,1,1,0,0,0,0,0,0
0.0,185.0,3,9,33690,13443.2,1,2,0,1,0,0,0,0,0
0.0,445.0,16,226,0,0.0,0,2,1,0,0,0,0,0,0
0.0,440.0,16,225,0,0.0,0,1,1,0,0,0,0,0,0
0.0,185.0,3,9,33690,16812.2,1,2,0,1,0,0,0,0,0
0.0,445.0,16,226,0,0.0,0,2,1,0,0,0,0,0,0
0.0,440.0,16,225,0,0.0,1,1,1,0,0,0,0,0,0
0.0,440.0,16,225,0,0.0,0,1,1,0,0,0,0,0,0
0.0,445.0,16,226,0,0.0,1,2,1,0,0,0,0,0,0
0.0,185.0,3,9,33295,20141.7,1,2,0,1,0,0,0,0,0
0.0,185.0,2,9,0,16773.1,1,2,0,0,0,0,1,0,0
0.0,185.0,3,9,33686,16805.3,1,2,0,1,0,0,0,0,0
0.0,440.0,16,225,0,0.0,0,1,1,0,0,0,0,0,0
0.0,445.0,16,226,0,0.0,0,2,1,0,0,0,0,0,0
1.0,188.0,2,9,0,16805.3,1,2,0,0,0,0,1,0,0
0.0,446.0,16,225,0,0.0,0,1,1,0,0,0,0,0,0
0.0,449.0,16,226,0,0.0,0,2,1,0,0,0,0,0,0
0.0,446.0,16,225,0,0.0,0,1,1,0,0,0,0,0,0
0.0,446.0,16,225,0,0.0,1,1,1,0,0,0,0,0,0
0.0,449.0,16,226,0,0.0,1,2,1,0,0,0,0,0,0
0.0,446.0,16,225,0,0.0,0,1,1,0,0,0,0,0,0
0.0,446.0,16,225,0,0.0,1,1,1,0,0,0,0,0,0
0.0,188.0,3,9,33688,16804.9,1,2,0,1,0,0,0,0,0
0.0,188.0,2,9,0,16804.9,1,2,0,0,0,0,1,0,0
0.0,446.0,16,225,0,0.0,0,1,1,0,0,0,0,0,0
0.0,446.0,16,225,0,0.0,1,1,1,0,0,0,0,0,0
0.0,446.0,16,225,0,0.0,0,1,1,0,0,0,0,0,0
0.0,449.0,16,226,0,0.0,0,2,1,0,0,0,0,0,0
0.0,446.0,16,225,0,0.0,1,1,1,0,0,0,0,0,0
0.0,446.0,16,225,0,0.0,0,1,1,0,0,0,0,0,0
0.0,449.0,16,226,0,0.0,1,2,1,0,0,0,0,0,0
0.0,449.0,16,226,0,0.0,0,2,1,0,0,0,0,0,0
0.0,449.0,16,226,0,0.0,0,2,1,0,0,0,0,0,0
0.0,188.0,3,9,32039,20008.8,1,2,0,1,0,0,0,0,0
0.0,449.0,16,226,0,0.0,1,2,1,0,0,0,0,0,0
0.0,446.0,16,225,0,0.0,1,1,1,0,0,0,0,0,0
0.0,449.0,16,226,0,0.0,1,2,1,0,0,0,0,0,0
0.0,188.0,2,9,0,20008.8,1,2,0,0,0,0,1,0,0
0.0,449.0,16,226,0,0.0,0,2,1,0,0,0,0,0,0
0.0,446.0,16,225,0,0.0,1,1,1,0,0,0,0,0,0
0.0,188.0,3,9,33738,20013.6,1,2,0,1,0,0,0,0,0
0.0,188.0,2,9,0,16644.6,1,2,0,0,0,0,1,0,0
0.0,449.0,16,226,0,0.0,1,2,1,0,0,0,0,0,0
1.0,194.0,2,9,0,13315.1,1,2,0,0,0,0,1,0,0
0.0,455.0,16,226,0,0.0,0,2,1,0,0,0,0,0,0
0.0,452.0,16,225,0,0.0,0,1,1,0,0,0,0,0,0
0.0,452.0,16,225,0,0.0,1,1,1,0,0,0,0,0,0
0.0,455.0,16,226,0,0.0,1,2,1,0,0,0,0,0,0
0.0,452.0,16,225,0,0.0,1,1,1,0,0,0,0,0,0
0.0,452.0,16,225,0,0.0,0,1,1,0,0,0,0,0,0
0.0,194.0,3,9,32670,16582.1,1,2,0,1,0,0,0,0,0
0.0,194.0,2,9,0,13213.5,1,2,0,0,0,0,1,0,0
0.0,455.0,16,226,0,0.0,0,2,1,0,0,0,0,0,0
0.0,194.0,3,9,33594,16572.9,1,2,0,1,0,0,0,0,0
0.0,194.0,3,9,33689,16573.0,1,2,0,1,0,0,0,0,0
0.0,452.0,16,225,0,0.0,1,1,1,0,0,0,0,0,0
0.0,194.0,2,9,0,16573.0,1,2,0,0,0,0,1,0,0
0.0,455.0,16,226,0,0.0,0,2,1,0,0,0,0,0,0
0.0,452.0,16,225,0,0.0,1,1,1,0,0,0,0,0,0
0.0,455.0,16,226,0,0.0,1,2,1,0,0,0,0,0,0
0.0,194.0,3,9,33686,16737.7,1,2,0,1,0,0,0,0,0
0.0,194.0,2,9,0,16737.7,1,2,0,0,0,0,1,0,0
0.0,455.0,16,226,0,0.0,0,2,1,0,0,0,0,0,0
0.0,452.0,16,225,0,0.0,0,1,1,0,0,0,0,0,0
0.0,452.0,16,225,0,0.0,0,1,1,0,0,0,0,0,0
0.0,452.0,16,225,0,0.0,1,1,1,0,0,0,0,0,0
0.0,455.0,16,226,0,0.0,1,2,1,0,0,0,0,0,0
0.0,455.0,16,226,0,0.0,1,2,1,0,0,0,0,0,0
0.0,455.0,16,226,0,0.0,0,2,1,0,0,0,0,0,0
0.0,452.0,16,225,0,0.0,1,1,1,0,0,0,0,0,0
0.0,452.0,16,225,0,0.0,0,1,1,0,0,0,0,0,0
0.0,455.0,16,226,0,0.0,1,2,1,0,0,0,0,0,0
0.0,455.0,16,226,0,0.0,0,2,1,0,0,0,0,0,0
0.0,452.0,16,225,0,0.0,0,1,1,0,0,0,0,0,0
0.0,455.0,16,226,0,0.0,1,2,1,0,0,0,0,0,0
1.0,458.0,16,225,0,0.0,0,1,1,0,0,0,0,0,0
0.0,462.0,16,226,0,0.0,1,2,1,0,0,0,0,0,0
0.0,462.0,16,226,0,0.0,1,2,1,0,0,0,0,0,0
0.0,458.0,16,225,0,0.0,1,1,1,0,0,0,0,0,0
0.0,462.0,16,226,0,0.0,0,2,1,0,0,0,0,0,0
0.0,200.0,3,9,33689,16732.8,1,2,0,1,0,0,0,0,0
0.0,200.0,2,9,0,16732.8,1,2,0,0,0,0,1,0,0
0.0,458.0,16,225,0,0.0,1,1,1,0,0,0,0,0,0
0.0,462.0,16,226,0,0.0,0,2,1,0,0,0,0,0,0
0.0,458.0,16,225,0,0.0,1,1,1,0,0,0,0,0,0
0.0,462.0,16,226,0,0.0,0,2,1,0,0,0,0,0,0
0.0,200.0,2,9,0,16732.8,1,2,0,0,0,0,1,0,0
0.0,200.0,3,9,31878,16653.6,1,2,0,1,0,0,0,0,0
0.0,200.0,3,9,33686,20022.2,1,2,0,1,0,0,0,0,0
0.0,458.0,16,225,0,0.0,0,1,1,0,0,0,0,0,0
0.0,462.0,16,226,0,0.0,1,2,1,0,0,0,0,0,0
0.0,462.0,16,226,0,0.0,1,2,1,0,0,0,0,0,0
0.0,462.0,16,226,0,0.0,0,2,1,0,0,0,0,0,0
0.0,458.0,16,225,0,0.0,0,1,1,0,0,0,0,0,0
0.0,458.0,16,225,0,0.0,1,1,1,0,0,0,0,0,0
0.0,462.0,8,226,0,0.0,1,0,1,0,0,0,0,0,0
0.0,462.0,16,226,0,0.0,1,2,1,0,0,0,0,0,0
0.0,200.0,2,9,0,16662.8,1,2,0,0,0,0,1,0,0
0.0,458.0,16,225,0,0.0,0,1,1,0,0,0,0,0,0
0.0,200.0,2,9,0,13293.9,1,2,0,0,0,0,1,0,0
0.0,458.0,16,225,0,0.0,0,1,1,0,0,0,0,0,0
0.0,458.0,16,225,0,0.0,1,1,1,0,0,0,0,0,0
0.0,462.0,16,226,0,0.0,0,2,1,0,0,0,0,0,0
0.0,200.0,3,9,32662,16560.1,1,2,0,1,0,0,0,0,0
1.0,472.0,16,226,0,0.0,1,2,1,0,0,0,0,0,0
0.0,468.0,16,225,0,0.0,1,1,1,0,0,0,0,0,0
0.0,204.0,2,9,0,13191.5,1,2,0,0,0,0,1,0,0
0.0,468.0,16,225,0,0.0,1,1,1,0,0,0,0,0,0
0.0,204.0,2,9,0,13191.5,1,2,0,0,0,0,1,0,0
0.0,468.0,16,225,0,0.0,0,1,1,0,0,0,0,0,0
0.0,468.0,16,225,0,0.0,0,1,1,0,0,0,0,0,0
0.0,472.0,16,226,0,0.0,1,2,1,0,0,0,0,0,0
0.0,204.0,2,9,0,9822.6,1,2,0,0,0,0,1,0,0
0.0,468.0,16,225,0,0.0,1,1,1,0,0,0,0,0,0
0.0,204.0,3,9,33688,13191.4,1,2,0,1,0,0,0,0,0
0.0,468.0,16,225,0,0.0,1,1,1,0,0,0,0,0,0
0.0,472.0,16,226,0,0.0,1,2,1,0,0,0,0,0,0
0.0,472.0,16,226,0,0.0,1,2,1,0,0,0,0,0,0
0.0,472.0,16,226,0,0.0,0,2,1,0,0,0,0,0,0
0.0,468.0,16,225,0,0.0,0,1,1,0,0,0,0,0,0
0.0,472.0,16,226,0,0.0,0,2,1,0,0,0,0,0,0
0.0,472.0,16,226,0,0.0,1,2,1,0,0,0,0,0,0
0.0,472.0,16,226,0,0.0,0,2,1,0,0,0,0,0,0
0.0,468.0,16,225,0,0.0,1,1,1,0,0,0,0,0,0
0.0,468.0,16,225,0,0.0,0,1,1,0,0,0,0,0,0
0.0,204.0,3,9,33688,16560.2,1,2,0,1,0,0,0,0,0
0.0,472.0,16,226,0,0.0,0,2,1,0,0,0,0,0,0
0.0,468.0,16,225,0,0.0,0,1,1,0,0,0,0,0,0
0.0,472.0,16,226,0,0.0,0,2,1,0,0,0,0,0,0
0.0,472.0,16,226,0,0.0,1,2,1,0,0,0,0,0,0
0.0,468.0,16,225,0,0.0,0,1,1,0,0,0,0,0,0
0.0,468.0,16,225,0,0.0,1,1,1,0,0,0,0,0,0
0.0,204.0,3,9,33688,16741.2,1,2,0,1,0,0,0,0,0
0.0,472.0,16,226,0,0.0,0,2,1,0,0,0,0,0,0
1.0,210.0,3,9,33293,16701.9,1,2,0,1,0,0,0,0,0
0.0,480.0,16,226,0,0.0,0,2,1,0,0,0,0,0,0
0.0,480.0,16,226,0,0.0,1,2,1,0,0,0,0,0,0
0.0,480.0,16,226,0,0.0,0,2,1,0,0,0,0,0,0
0.0,210.0,3,9,33580,20059.9,1,2,0,1,0,0,0,0,0
0.0,480.0,16,226,0,0.0,1,2,1,0,0,0,0,0,0
0.0,480.0,16,226,0,0.0,1,2,1,0,0,0,0,0,0
0.0,480.0,16,226,0,0.0,0,2,1,0,0,0,0,0,0
0.0,474.0,16,225,0,0.0,1,1,1,0,0,0,0,0,0
0.0,474.0,16,225,0,0.0,1,1,1,0,0,0,0,0,0
0.0,210.0,2,9,0,20059.9,1,2,0,0,0,0,1,0,0
0.0,480.0,16,226,0,0.0,0,2,1,0,0,0,0,0,0
0.0,210.0,2,9,0,16793.7,1,2,0,0,0,0,1,0,0
0.0,474.0,16,225,0,0.0,1,1,1,0,0,0,0,0,0
0.0,210.0,2,9,0,16793.7,1,2,0,0,0,0,1,0,0
0.0,480.0,16,226,0,0.0,1,2,1,0,0,0,0,0,0
0.0,474.0,16,225,0,0.0,1,1,1,0,0,0,0,0,0
0.0,210.0,3,9,33470,20140.7,1,2,0,1,0,0,0,0,0
0.0,474.0,16,225,0,0.0,1,1,1,0,0,0,0,0,0
0.0,480.0,16,226,0,0.0,1,2,1,0,0,0,0,0,0
0.0,480.0,16,226,0,0.0,0,2,1,0,0,0,0,0,0
0.0,474.0,16,225,0,0.0,0,1,1,0,0,0,0,0,0
0.0,480.0,16,226,0,0.0,1,2,1,0,0,0,0,0,0
0.0,474.0,16,225,0,0.0,0,1,1,0,0,0,0,0,0
0.0,474.0,16,225,0,0.0,0,1,1,0,0,0,0,0,0
0.0,210.0,2,9,0,20140.7,1,2,0,0,0,0,1,0,0
0.0,210.0,3,9,33688,20140.7,1,2,0,1,0,0,0,0,0
0.0,474.0,16,225,0,0.0,0,1,1,0,0,0,0,0,0
0.0,480.0,16,226,0,0.0,0,2,1,0,0,0,0,0,0
0.0,474.0,16,225,0,0.0,0,1,1,0,0,0,0,0,0
1.0,492.0,16,226,0,0.0,1,2,1,0,0,0,0,0,0
0.0,488.0,16,225,0,0.0,0,1,1,0,0,0,0,0,0
0.0,492.0,16,226,0,0.0,1,2,1,0,0,0,0,0,0
0.0,218.0,3,9,33293,20101.2,1,2,0,1,0,0,0,0,0
0.0,218.0,2,9,0,16732.4,1,2,0,0,0,0,1,0,0
0.0,492.0,16,226,0,0.0,0,2,1,0,0,0,0,0,0
0.0,218.0,3,9,33738,16776.9,1,2,0,1,0,0,0,0,0
0.0,218.0,3,9,32037,16622.6,1,2,0,1,0,0,0,0,0
0.0,218.0,2,9,0,16622.6,1,2,0,0,0,0,1,0,0
0.0,488.0,16,225,0,0.0,0,1,1,0,0,0,0,0,0
0.0,488.0,16,225,0,0.0,1,1,1,0,0,0,0,0,0
0.0,488.0,16,225,0,0.0,0,1,1,0,0,0,0,0,0
0.0,492.0,16,226,0,0.0,0,2,1,0,0,0,0,0,0
0.0,488.0,16,225,0,0.0,1,1,1,0,0,0,0,0,0
0.0,488.0,16,225,0,0.0,0,1,1,0,0,0,0,0,0
0.0,492.0,16,226,0,0.0,1,2,1,0,0,0,0,0,0
0.0,492.0,16,226,0,0.0,0,2,1,0,0,0,0,0,0
0.0,488.0,16,225,0,0.0,0,1,1,0,0,0,0,0,0
0.0,492.0,16,226,0,0.0,1,2,1,0,0,0,0,0,0
0.0,488.0,16,225,0,0.0,0,1,1,0,0,0,0,0,0
0.0,492.0,16,226,0,0.0,0,2,1,0,0,0,0,0,0
0.0,218.0,2,9,0,16622.6,1,2,0,0,0,0,1,0,0
0.0,492.0,16,226,0,0.0,0,2,1,0,0,0,0,0,0
0.0,488.0,16,225,0,0.0,0,1,1,0,0,0,0,0,0
0.0,488.0,16,225,0,0.0,1,1,1,0,0,0,0,0,0
0.0,488.0,16,225,0,0.0,0,1,1,0,0,0,0,0,0
0.0,492.0,16,226,0,0.0,1,2,1,0,0,0,0,0,0
0.0,488.0,16,225,0,0.0,1,1,1,0,0,0,0,0,0
0.0,488.0,16,225,0,0.0,1,1,1,0,0,0,0,0,0
0.0,218.0,3,9,34083,20030.9,1,2,0,1,0,0,0,0,0
0.0,218.0,2,9,0,16683.9,1,2,0,0,0,0,1,0,0
0.0,492.0,16,226,0,0.0,1,2,1,0,0,0,0,0,0
0.0,488.0,16,225,0,0.0,1,1,1,0,0,0,0,0,0
0.0,488.0,16,225,0,0.0,1,1,1,0,0,0,0,0,0
0.0,492.0,16,226,0,0.0,0,2,1,0,0,0,0,0,0
0.0,492.0,16,226,0,0.0,1,2,1,0,0,0,0,0,0
0.0,488.0,16,225,0,0.0,1,1,1,0,0,0,0,0,0
0.0,492.0,16,226,0,0.0,0,2,1,0,0,0,0,0,0
1.0,500.0,16,226,0,0.0,0,2,1,0,0,0,0,0,0
0.0,224.0,2,9,0,16683.9,1,2,0,0,0,0,1,0,0
0.0,496.0,16,225,0,0.0,0,1,1,0,0,0,0,0,0
0.0,500.0,16,226,0,0.0,1,2,1,0,0,0,0,0,0
0.0,500.0,16,226,0,0.0,1,2,1,0,0,0,0,0,0
0.0,500.0,16,226,0,0.0,0,2,1,0,0,0,0,0,0
0.0,496.0,16,225,0,0.0,1,1,1,0,0,0,0,0,0
0.0,496.0,16,225,0,0.0,0,1,1,0,0,0,0,0,0
0.0,224.0,3,9,29915,16306.6,1,2,0,1,0,0,0,0,0
0.0,496.0,16,225,0,0.0,1,1,1,0,0,0,0,0,0
0.0,224.0,3,9,33686,16345.9,1,2,0,1,0,0,0,0,0
0.0,500.0,16,226,0,0.0,1,2,1,0,0,0,0,0,0
0.0,500.0,16,226,0,0.0,1,2,1,0,0,0,0,0,0
0.0,224.0,2,9,0,16345.9,1,2,0,0,0,0,1,0,0
0.0,496.0,16,225,0,0.0,0,1,1,0,0,0,0,0,0
0.0,496.0,16,225,0,0.0,1,1,1,0,0,0,0,0,0
0.0,500.0,16,226,0,0.0,0,2,1,0,0,0,0,0,0
0.0,496.0,16,225,0,0.0,0,1,1,0,0,0,0,0,0
0.0,500.0,16,226,0,0.0,0,2,1,0,0,0,0,0,0
0.0,496.0,16,225,0,0.0,1,1,1,0,0,0,0,0,0
0.0,224.0,3,9,33592,16331.3,1,2,0,1,0,0,0,0,0
0.0,224.0,2,9,0,13127.6,1,2,0,0,0,0,1,0,0
0.0,496.0,16,225,0,0.0,0,1,1,0,0,0,0,0,0
0.0,500.0,16,226,0,0.0,0,2,1,0,0,0,0,0,0
0.0,224.0,2,9,0,13127.6,1,2,0,0,0,0,1,0,0
0.0,500.0,16,226,0,0.0,1,2,1,0,0,0,0,0,0
0.0,496.0,16,225,0,0.0,1,1,1,0,0,0,0,0,0
0.0,496.0,16,225,0,0.0,0,1,1,0,0,0,0,0,0
0.0,500.0,16,226,0,0.0,0,2,1,0,0,0,0,0,0
0.0,496.0,16,225,0,0.0,1,1,1,0,0,0,0,0,0
0.0,500.0,16,226,0,0.0,1,2,1,0,0,0,0,0,0
0.0,224.0,3,9,33688,16496.4,1,2,0,1,0,0,0,0,0
1.0,506.0,16,226,0,0.0,1,2,1,0,0,0,0,0,0
0.0,231.0,3,9,33467,16434.8,1,2,0,1,0,0,0,0,0
0.0,502.0,16,225,0,0.0,0,1,1,0,0,0,0,0,0
0.0,231.0,3,9,33736,19808.4,1,2,0,1,0,0,0,0,0
0.0,231.0,2,9,0,19808.4,1,2,0,0,0,0,1,0,0
0.0,502.0,16,225,0,0.0,1,1,1,0,0,0,0,0,0
0.0,231.0,3,9,33688,20185.7,1,2,0,1,0,0,0,0,0
0.0,506.0,16,226,0,0.0,0,2,1,0,0,0,0,0,0
0.0,502.0,16,225,0,0.0,0,1,1,0,0,0,0,0,0
0.0,231.0,2,9,0,16817.1,1,2,0,0,0,0,1,0,0
0.0,502.0,16,225,0,0.0,1,1,1,0,0,0,0,0,0
0.0,231.0,3,9,33466,20163.7,1,2,0,1,0,0,0,0,0
0.0,502.0,16,225,0,0.0,0,1,1,0,0,0,0,0,0
0.0,506.0,16,226,0,0.0,1,2,1,0,0,0,0,0,0
0.0,506.0,16,226,0,0.0,0,2,1,0,0,0,0,0,0
0.0,506.0,16,226,0,0.0,1,2,1,0,0,0,0,0,0
0.0,502.0,16,225,0,0.0,0,1,1,0,0,0,0,0,0
0.0,502.0,16,225,0,0.0,1,1,1,0,0,0,0,0,0
0.0,506.0,16,226,0,0.0,0,2,1,0,0,0,0,0,0
0.0,506.0,16,226,0,0.0,1,2,1,0,0,0,0,0,0
0.0,506.0,16,226,0,0.0,1,2,1,0,0,0,0,0,0
0.0,502.0,16,225,0,0.0,1,1,1,0,0,0,0,0,0
0.0,502.0,16,225,0,0.0,1,1,1,0,0,0,0,0,0
0.0,231.0,3,9,33797,20184.2,1,2,0,1,0,0,0,0,0
0.0,506.0,16,226,0,0.0,0,2,1,0,0,0,0,0,0
0.0,506.0,16,226,0,0.0,0,2,1,0,0,0,0,0,0
0.0,231.0,2,9,0,20184.2,1,2,0,0,0,0,1,0,0
0.0,231.0,2,9,0,20184.2,1,2,0,0,0,0,1,0,0
0.0,502.0,16,225,0,0.0,0,1,1,0,0,0,0,0,0
1.0,516.0,16,226,0,0.0,1,2,1,0,0,0,0,0,0
0.0,511.0,16,225,0,0.0,1,1,1,0,0,0,0,0,0
0.0,237.0,2,9,0,16815.4,1,2,0,0,0,0,1,0,0
0.0,516.0,16,226,0,0.0,1,2,1,0,0,0,0,0,0
0.0,516.0,16,226,0,0.0,1,2,1,0,0,0,0,0,0
0.0,237.0,2,9,0,13468.7,1,2,0,0,0,0,1,0,0
0.0,516.0,16,226,0,0.0,0,2,1,0,0,0,0,0,0
0.0,511.0,16,225,0,0.0,1,1,1,0,0,0,0,0,0
0.0,511.0,16,225,0,0.0,0,1,1,0,0,0,0,0,0
0.0,237.0,3,9,34017,13496.8,1,2,0,1,0,0,0,0,0
0.0,237.0,2,9,0,13496.8,1,2,0,0,0,0,1,0,0
0.0,237.0,3,9,33688,13496.8,1,2,0,1,0,0,0,0,0
0.0,511.0,16,225,0,0.0,0,1,1,0,0,0,0,0,0
0.0,516.0,16,226,0,0.0,0,2,1,0,0,0,0,0,0
0.0,511.0,16,225,0,0.0,0,1,1,0,0,0,0,0,0
0.0,511.0,16,225,0,0.0,1,1,1,0,0,0,0,0,0
0.0,511.0,16,225,0,0.0,1,1,1,0,0,0,0,0,0
0.0,516.0,16,226,0,0.0,0,2,1,0,0,0,0,0,0
0.0,516.0,16,226,0,0.0,1,2,1,0,0,0,0,0,0
0.0,511.0,16,225,0,0.0,0,1,1,0,0,0,0,0,0
0.0,237.0,3,9,33359,16832.7,1,2,0,1,0,0,0,0,0
0.0,516.0,16,226,0,0.0,1,2,1,0,0,0,0,0,0
0.0,516.0,16,226,0,0.0,0,2,1,0,0,0,0,0,0
0.0,511.0,16,225,0,0.0,0,1,1,0,0,0,0,0,0
0.0,511.0,16,225,0,0.0,1,1,1,0,0,0,0,0,0
0.0,237.0,3,9,33686,16854.7,1,2,0,1,0,0,0,0,0
0.0,511.0,16,225,0,0.0,1,1,1,0,0,0,0,0,0
0.0,237.0,2,9,0,13475.0,1,2,0,0,0,0,1,0,0
0.0,516.0,16,226,0,0.0,1,2,1,0,0,0,0,0,0
0.0,516.0,16,226,0,0.0,0,2,1,0,0,0,0,0,0
0.0,516.0,16,226,0,0.0,0,2,1,0,0,0,0,0,0
1.0,522.0,16,226,0,0.0,0,2,1,0,0,0,0,0,0
0.0,518.0,16,225,0,0.0,0,1,1,0,0,0,0,0,0
0.0,522.0,16,226,0,0.0,1,2,1,0,0,0,0,0,0
0.0,522.0,16,226,0,0.0,1,2,1,0,0,0,0,0,0
0.0,518.0,16,225,0,0.0,0,1,1,0,0,0,0,0,0
0.0,518.0,16,225,0,0.0,1,1,1,0,0,0,0,0,0
0.0,522.0,16,226,0,0.0,1,2,1,0,0,0,0,0,0
0.0,242.0,2,9,0,13475.0,1,2,0,0,0,0,1,0,0
0.0,518.0,16,225,0,0.0,0,1,1,0,0,0,0,0,0
0.0,242.0,2,9,0,13475.0,1,2,0,0,0,0,1,0,0
0.0,522.0,16,226,0,0.0,0,2,1,0,0,0,0,0,0
0.0,522.0,16,226,0,0.0,1,2,1,0,0,0,0,0,0
0.0,522.0,16,226,0,0.0,0,2,1,0,0,0,0,0,0
0.0,518.0,16,225,0,0.0,1,1,1,0,0,0,0,0,0
0.0,242.0,3,9,32299,16704.9,1,2,0,1,0,0,0,0,0
0.0,518.0,16,225,0,0.0,0,1,1,0,0,0,0,0,0
0.0,518.0,16,225,0,0.0,1,1,1,0,0,0,0,0,0
0.0,242.0,2,9,0,16704.9,1,2,0,0,0,0,1,0,0
0.0,242.0,3,9,33688,16672.0,1,2,0,1,0,0,0,0,0
0.0,518.0,16,225,0,0.0,1,1,1,0,0,0,0,0,0
0.0,522.0,16,226,0,0.0,0,2,1,0,0,0,0,0,0
0.0,242.0,3,9,33688,20040.8,1,2,0,1,0,0,0,0,0
0.0,518.0,16,225,0,0.0,0,1,1,0,0,0,0,0,0
0.0,522.0,16,226,0,0.0,1,2,1,0,0,0,0,0,0
0.0,518.0,16,225,0,0.0,0,1,1,0,0,0,0,0,0
0.0,242.0,2,9,0,16672.0,1,2,0,0,0,0,1,0,0
0.0,522.0,16,226,0,0.0,0,2,1,0,0,0,0,0,0
0.0,518.0,16,225,0,0.0,1,1,1,0,0,0,0,0,0
1.0,246.0,2,9,0,13336.1,1,2,0,0,0,0,1,0,0
0.0,524.0,16,225,0,0.0,0,1,1,0,0,0,0,0,0
0.0,528.0,16,226,0,0.0,1,2,1,0,0,0,0,0,0
0.0,524.0,16,225,0,0.0,1,1,1,0,0,0,0,0,0
0.0,528.0,16,226,0,0.0,1,2,1,0,0,0,0,0,0
0.0,528.0,16,226,0,0.0,1,2,1,0,0,0,0,0,0
0.0,528.0,16,226,0,0.0,1,2,1,0,0,0,0,0,0
0.0,524.0,16,225,0,0.0,0,1,1,0,0,0,0,0,0
0.0,524.0,16,225,0,0.0,1,1,1,0,0,0,0,0,0
0.0,524.0,16,225,0,0.0,1,1,1,0,0,0,0,0,0
0.0,528.0,16,226,0,0.0,0,2,1,0,0,0,0,0,0
0.0,246.0,2,9,0,9967.5,1,2,0,0,0,0,1,0,0
0.0,524.0,16,225,0,0.0,1,1,1,0,0,0,0,0,0
0.0,524.0,16,225,0,0.0,0,1,1,0,0,0,0,0,0
0.0,528.0,16,226,0,0.0,0,2,1,0,0,0,0,0,0
0.0,246.0,2,9,0,9967.5,1,2,0,0,0,0,1,0,0
0.0,246.0,3,9,32574,13224.9,1,2,0,1,0,0,0,0,0
0.0,528.0,16,226,0,0.0,0,2,1,0,0,0,0,0,0
0.0,528.0,16,226,0,0.0,0,2,1,0,0,0,0,0,0
0.0,524.0,16,225,0,0.0,0,1,1,0,0,0,0,0,0
0.0,528.0,16,226,0,0.0,0,2,1,0,0,0,0,0,0
0.0,246.0,3,9,33682,16593.1,1,2,0,1,0,0,0,0,0
0.0,528.0,16,226,0,0.0,1,2,1,0,0,0,0,0,0
0.0,246.0,3,9,33143,16677.5,1,2,0,1,0,0,0,0,0
0.0,524.0,16,225,0,0.0,1,1,1,0,0,0,0,0,0
0.0,524.0,16,225,0,0.0,0,1,1,0,0,0,0,0,0
0.0,524.0,16,225,0,0.0,0,1,1,0,0,0,0,0,0
0.0,528.0,16,226,0,0.0,0,2,1,0,0,0,0,0,0
0.0,528.0,16,226,0,0.0,1,2,1,0,0,0,0,0,0
0.0,524.0,16,225,0,0.0,1,1,1,0,0,0,0,0,0
1.0,536.0,16,226,0,0.0,1,2,1,0,0,0,0,0,0
0.0,532.0,16,225,0,0.0,1,1,1,0,0,0,0,0,0
0.0,536.0,16,226,0,0.0,1,2,1,0,0,0,0,0,0
0.0,532.0,16,225,0,0.0,1,1,1,0,0,0,0,0,0
0.0,532.0,16,225,0,0.0,0,1,1,0,0,0,0,0,0
0.0,252.0,3,9,33688,20046.3,1,2,0,1,0,0,0,0,0
0.0,532.0,16,225,0,0.0,0,1,1,0,0,0,0,0,0
0.0,536.0,16,226,0,0.0,0,2,1,0,0,0,0,0,0
0.0,536.0,16,226,0,0.0,1,2,1,0,0,0,0,0,0
0.0,252.0,2,9,0,16677.5,1,2,0,0,0,0,1,0,0
0.0,252.0,3,9,31810,16489.7,1,2,0,1,0,0,0,0,0
0.0,532.0,16,225,0,0.0,0,1,1,0,0,0,0,0,0
0.0,252.0,2,9,0,16489.7,1,2,0,0,0,0,1,0,0
0.0,532.0,16,225,0,0.0,1,1,1,0,0,0,0,0,0
0.0,536.0,16,226,0,0.0,0,2,1,0,0,0,0,0,0
0.0,536.0,16,226,0,0.0,0,2,1,0,0,0,0,0,0
0.0,536.0,16,226,0,0.0,0,2,1,0,0,0,0,0,0
0.0,252.0,3,9,32728,19762.5,1,2,0,1,0,0,0,0,0
0.0,532.0,16,225,0,0.0,0,1,1,0,0,0,0,0,0
0.0,532.0,16,225,0,0.0,1,1,1,0,0,0,0,0,0
0.0,536.0,16,226,0,0.0,1,2,1,0,0,0,0,0,0
0.0,532.0,16,225,0,0.0,0,1,1,0,0,0,0,0,0
0.0,536.0,16,226,0,0.0,1,2,1,0,0,0,0,0,0
0.0,532.0,16,225,0,0.0,0,1,1,0,0,0,0,0,0
0.0,532.0,16,225,0,0.0,1,1,1,0,0,0,0,0,0
0.0,252.0,3,9,33512,23113.7,1,2,0,1,0,0,0,0,0
0.0,252.0,2,9,0,23113.7,1,2,0,0,0,0,1,0,0
0.0,532.0,16,225,0,0.0,1,1,1,0,0,0,0,0,0
0.0,536.0,16,226,0,0.0,0,2,1,0,0,0,0,0,0
0.0,536.0,16,226,0,0.0,0,2,1,0,0,0,0,0,0
0.0,252.0,2,9,0,19856.3,1,2,0,0,0,0,1,0,0
0.0,536.0,16,226,0,0.0,1,2,1,0,0,0,0,0,0
1.0,259.0,3,9,33686,19856.7,1,2,0,1,0,0,0,0,0
0.0,538.0,16,225,0,0.0,0,1,1,0,0,0,0,0,0
0.0,542.0,16,226,0,0.0,0,2,1,0,0,0,0,0,0
0.0,538.0,16,225,0,0.0,0,1,1,0,0,0,0,0,0
0.0,259.0,3,9,33470,19889.4,1,2,0,1,0,0,0,0,0
0.0,542.0,16,226,0,0.0,0,2,1,0,0,0,0,0,0
0.0,259.0,3,9,33688,19889.4,1,2,0,1,0,0,0,0,0
0.0,538.0,16,225,0,0.0,1,1,1,0,0,0,0,0,0
0.0,542.0,16,226,0,0.0,1,2,1,0,0,0,0,0,0
0.0,542.0,16,226,0,0.0,1,2,1,0,0,0,0,0,0
0.0,542.0,16,226,0,0.0,0,2,1,0,0,0,0,0,0
0.0,259.0,3,9,33688,23258.2,1,2,0,1,0,0,0,0,0
0.0,538.0,16,225,0,0.0,1,1,1,0,0,0,0,0,0
0.0,259.0,2,9,0,20077.2,1,2,0,0,0,0,1,0,0
0.0,542.0,16,226,0,0.0,1,2,1,0,0,0,0,0,0
0.0,542.0,16,226,0,0.0,0,2,1,0,0,0,0,0,0
0.0,259.0,2,9,0,20077.2,1,2,0,0,0,0,1,0,0
0.0,538.0,16,225,0,0.0,1,1,1,0,0,0,0,0,0
0.0,538.0,16,225,0,0.0,1,1,1,0,0,0,0,0,0
0.0,538.0,16,225,0,0.0,0,1,1,0,0,0,0,0,0
0.0,542.0,16,226,0,0.0,0,2,1,0,0,0,0,0,0
0.0,538.0,16,225,0,0.0,0,1,1,0,0,0,0,0,0
0.0,538.0,16,225,0,0.0,1,1,1,0,0,0,0,0,0
0.0,542.0,16,226,0,0.0,1,2,1,0,0,0,0,0,0
0.0,542.0,16,226,0,0.0,1,2,1,0,0,0,0,0,0
0.0,259.0,2,9,0,16804.4,1,2,0,0,0,0,1,0,0
0.0,538.0,16,225,0,0.0,0,1,1,0,0,0,0,0,0
0.0,259.0,2,9,0,13453.2,1,2,0,0,0,0,1,0,0
0.0,259.0,3,9,33360,16789.2,1,2,0,1,0,0,0,0,0
1.0,552.0,16,226,0,0.0,0,2,1,0,0,0,0,0,0
0.0,552.0,16,226,0,0.0,1,2,1,0,0,0,0,0,0
0.0,552.0,16,226,0,0.0,1,2,1,0,0,0,0,0,0
0.0,552.0,16,226,0,0.0,0,2,1,0,0,0,0,0,0
0.0,546.0,16,225,0,0.0,1,1,1,0,0,0,0,0,0
0.0,546.0,16,225,0,0.0,0,1,1,0,0,0,0,0,0
0.0,266.0,2,9,0,16789.2,1,2,0,0,0,0,1,0,0
0.0,266.0,3,9,33688,16789.4,1,2,0,1,0,0,0,0,0
0.0,546.0,16,225,0,0.0,1,1,1,0,0,0,0,0,0
0.0,266.0,3,9,32633,16705.7,1,2,0,1,0,0,0,0,0
0.0,266.0,2,9,0,13336.9,1,2,0,0,0,0,1,0,0
0.0,552.0,16,226,0,0.0,0,2,1,0,0,0,0,0,0
0.0,546.0,16,225,0,0.0,0,1,1,0,0,0,0,0,0
0.0,552.0,16,226,0,0.0,0,2,1,0,0,0,0,0,0
0.0,552.0,16,226,0,0.0,0,2,1,0,0,0,0,0,0
0.0,546.0,16,225,0,0.0,1,1,1,0,0,0,0,0,0
0.0,266.0,2,9,0,9968.1,1,2,0,0,0,0,1,0,0
0.0,552.0,16,226,0,0.0,1,2,1,0,0,0,0,0,0
0.0,546.0,16,225,0,0.0,1,1,1,0,0,0,0,0,0
0.0,552.0,16,226,0,0.0,1,2,1,0,0,0,0,0,0
0.0,552.0,16,226,0,0.0,0,2,1,0,0,0,0,0,0
0.0,266.0,2,9,0,9968.1,1,2,0,0,0,0,1,0,0
0.0,266.0,2,9,0,9968.1,1,2,0,0,0,0,1,0,0
0.0,546.0,16,225,0,0.0,0,1,1,0,0,0,0,0,0
0.0,546.0,16,225,0,0.0,1,1,1,0,0,0,0,0,0
0.0,552.0,16,226,0,0.0,1,2,1,0,0,0,0,0,0
0.0,552.0,16,226,0,0.0,1,2,1,0,0,0,0,0,0
0.0,266.0,3,9,32576,13225.7,1,2,0,1,0,0,0,0,0
0.0,266.0,3,9,33143,16540.0,1,2,0,1,0,0,0,0,0
0.0,546.0,16,225,0,0.0,0,1,1,0,0,0,0,0,0
0.0,546.0,16,225,0,0.0,0,1,1,0,0,0,0,0,0
1.0,556.0,16,226,0,0.0,1,2,1,0,0,0,0,0,0
0.0,553.0,16,225,0,0.0,1,1,1,0,0,0,0,0,0
0.0,556.0,16,226,0,0.0,0,2,1,0,0,0,0,0,0
0.0,269.0,2,9,0,13204.0,1,2,0,0,0,0,1,0,0
0.0,553.0,16,225,0,0.0,1,1,1,0,0,0,0,0,0
0.0,553.0,16,225,0,0.0,1,1,1,0,0,0,0,0,0
0.0,556.0,16,226,0,0.0,0,2,1,0,0,0,0,0,0
0.0,553.0,16,225,0,0.0,0,1,1,0,0,0,0,0,0
0.0,556.0,16,226,0,0.0,1,2,1,0,0,0,0,0,0
0.0,269.0,3,9,33684,16572.4,1,2,0,1,0,0,0,0,0
0.0,556.0,16,226,0,0.0,0,2,1,0,0,0,0,0,0
0.0,553.0,16,225,0,0.0,0,1,1,0,0,0,0,0,0
0.0,269.0,3,9,33688,16572.4,1,2,0,1,0,0,0,0,0
0.0,269.0,2,9,0,13309.1,1,2,0,0,0,0,1,0,0
0.0,556.0,8,226,0,0.0,1,0,1,0,0,0,0,0,0
0.0,553.0,16,225,0,0.0,0,1,1,0,0,0,0,0,0
0.0,556.0,16,226,0,0.0,1,2,1,0,0,0,0,0,0
0.0,553.0,16,225,0,0.0,0,1,1,0,0,0,0,0,0
0.0,556.0,16,226,0,0.0,1,2,1,0,0,0,0,0,0
0.0,553.0,16,225,0,0.0,1,1,1,0,0,0,0,0,0
0.0,556.0,16,226,0,0.0,0,2,1,0,0,0,0,0,0
0.0,553.0,16,225,0,0.0,1,1,1,0,0,0,0,0,0
0.0,553.0,16,225,0,0.0,0,1,1,0,0,0,0,0,0
0.0,556.0,16,226,0,0.0,0,2,1,0,0,0,0,0,0
0.0,553.0,16,225,0,0.0,0,1,1,0,0,0,0,0,0
0.0,553.0,16,225,0,0.0,1,1,1,0,0,0,0,0,0
0.0,269.0,3,9,31814,16490.5,1,2,0,1,0,0,0,0,0
0.0,556.0,16,226,0,0.0,1,2,1,0,0,0,0,0,0
1.0,560.0,16,225,0,0.0,0,1,1,0,0,0,0,0,0
0.0,564.0,16,226,0,0.0,0,2,1,0,0,0,0,0,0
0.0,276.0,2,9,0,16490.5,1,2,0,0,0,0,1,0,0
0.0,564.0,16,226,0,0.0,1,2,1,0,0,0,0,0,0
0.0,564.0,16,226,0,0.0,1,2,1,0,0,0,0,0,0
0.0,276.0,3,9,33868,19877.3,1,2,0,1,0,0,0,0,0
0.0,564.0,16,226,0,0.0,0,2,1,0,0,0,0,0,0
0.0,560.0,16,225,0,0.0,0,1,1,0,0,0,0,0,0
0.0,560.0,16,225,0,0.0,1,1,1,0,0,0,0,0,0
0.0,276.0,2,9,0,19877.3,1,2,0,0,0,0,1,0,0
0.0,276.0,2,9,0,16619.7,1,2,0,0,0,0,1,0,0
0.0,560.0,16,225,0,0.0,0,1,1,0,0,0,0,0,0
0.0,560.0,16,225,0,0.0,1,1,1,0,0,0,0,0,0
0.0,564.0,16,226,0,0.0,0,2,1,0,0,0,0,0,0
0.0,564.0,16,226,0,0.0,1,2,1,0,0,0,0,0,0
0.0,276.0,3,9,32549,16560.3,1,2,0,1,0,0,0,0,0
0.0,276.0,2,9,0,16560.3,1,2,0,0,0,0,1,0,0
0.0,560.0,16,225,0,0.0,1,1,1,0,0,0,0,0,0
0.0,560.0,16,225,0,0.0,1,1,1,0,0,0,0,0,0
0.0,564.0,16,226,0,0.0,0,2,1,0,0,0,0,0,0
0.0,276.0,2,9,0,13191.9,1,2,0,0,0,0,1,0,0
0.0,276.0,3,9,33481,13171.2,1,2,0,1,0,0,0,0,0
0.0,560.0,16,225,0,0.0,1,1,1,0,0,0,0,0,0
0.0,276.0,3,9,33688,16540.0,1,2,0,1,0,0,0,0,0
0.0,564.0,16,226,0,0.0,1,2,1,0,0,0,0,0,0
0.0,560.0,16,225,0,0.0,0,1,1,0,0,0,0,0,0
0.0,564.0,16,226,0,0.0,0,2,1,0,0,0,0,0,0
0.0,564.0,16,226,0,0.0,1,2,1,0,0,0,0,0,0
0.0,560.0,16,225,0,0.0,0,1,1,0,0,0,0,0,0
0.0,560.0,16,225,0,0.0,1,1,1,0,0,0,0,0,0
0.0,564.0,16,226,0,0.0,1,2,1,0,0,0,0,0,0
0.0,564.0,16,226,0,0.0,0,2,1,0,0,0,0,0,0
1.0,570.0,16,225,0,0.0,0,1,1,0,0,0,0,0,0
0.0,570.0,16,225,0,0.0,1,1,1,0,0,0,0,0,0
0.0,574.0,16,226,0,0.0,0,2,1,0,0,0,0,0,0
0.0,574.0,16,226,0,0.0,0,2,1,0,0,0,0,0,0
0.0,570.0,16,225,0,0.0,1,1,1,0,0,0,0,0,0
0.0,281.0,3,9,31814,16540.0,1,2,0,1,0,0,0,0,0
0.0,574.0,16,226,0,0.0,0,2,1,0,0,0,0,0,0
0.0,570.0,16,225,0,0.0,1,1,1,0,0,0,0,0,0
0.0,281.0,2,9,0,16540.0,1,2,0,0,0,0,1,0,0
0.0,281.0,3,9,33691,16522.3,1,2,0,1,0,0,0,0,0
0.0,574.0,16,226,0,0.0,1,2,1,0,0,0,0,0,0
0.0,281.0,2,9,0,16522.3,1,2,0,0,0,0,1,0,0
0.0,570.0,16,225,0,0.0,0,1,1,0,0,0,0,0,0
0.0,570.0,16,225,0,0.0,0,1,1,0,0,0,0,0,0
0.0,574.0,16,226,0,0.0,0,2,1,0,0,0,0,0,0
0.0,281.0,3,9,33522,19874.5,1,2,0,1,0,0,0,0,0
0.0,281.0,2,9,0,16619.6,1,2,0,0,0,0,1,0,0
0.0,570.0,16,225,0,0.0,0,1,1,0,0,0,0,0,0
0.0,574.0,16,226,0,0.0,0,2,1,0,0,0,0,0,0
0.0,570.0,16,225,0,0.0,0,1,1,0,0,0,0,0,0
0.0,574.0,16,226,0,0.0,0,2,1,0,0,0,0,0,0
0.0,570.0,16,225,0,0.0,0,1,1,0,0,0,0,0,0
0.0,574.0,16,226,0,0.0,1,2,1,0,0,0,0,0,0
0.0,570.0,16,225,0,0.0,1,1,1,0,0,0,0,0,0
0.0,570.0,16,225,0,0.0,0,1,1,0,0,0,0,0,0
0.0,281.0,3,9,33596,19979.2,1,2,0,1,0,0,0,0,0
0.0,570.0,16,225,0,0.0,0,1,1,0,0,0,0,0,0
0.0,570.0,16,225,0,0.0,1,1,1,0,0,0,0,0,0
0.0,574.0,16,226,0,0.0,0,2,1,0,0,0,0,0,0
0.0,574.0,16,226,0,0.0,1,2,1,0,0,0,0,0,0
0.0,281.0,2,9,0,19979.2,1,2,0,0,0,0,1,0,0
0.0,570.0,16,225,0,0.0,1,1,1,0,0,0,0,0,0
0.0,574.0,16,226,0,0.0,1,2,1,0,0,0,0,0,0
0.0,574.0,16,226,0,0.0,1,2,1,0,0,0,0,0,0
0.0,570.0,16,225,0,0.0,1,1,1,0,0,0,0,0,0
0.0,574.0,16,226,0,0.0,1,2,1,0,0,0,0,0,0
0.0,281.0,3,9,31635,19794.6,1,2,0,1,0,0,0,0,0
0.0,574.0,16,226,0,0.0,1,2,1,0,0,0,0,0,0
1.0,582.0,16,225,0,0.0,1,1,1,0,0,0,0,0,0
0.0,582.0,16,225,0,0.0,0,1,1,0,0,0,0,0,0
0.0,586.0,16,226,0,0.0,1,2,1,0,0,0,0,0,0
0.0,586.0,16,226,0,0.0,0,2,1,0,0,0,0,0,0
0.0,582.0,16,225,0,0.0,0,1,1,0,0,0,0,0,0
0.0,586.0,16,226,0,0.0,1,2,1,0,0,0,0,0,0
0.0,586.0,16,226,0,0.0,1,2,1,0,0,0,0,0,0
0.0,582.0,16,225,0,0.0,0,1,1,0,0,0,0,0,0
0.0,586.0,16,226,0,0.0,0,2,1,0,0,0,0,0,0
0.0,287.0,2,9,0,16425.8,1,2,0,0,0,0,1,0,0
0.0,586.0,16,226,0,0.0,0,2,1,0,0,0,0,0,0
0.0,582.0,16,225,0,0.0,1,1,1,0,0,0,0,0,0
0.0,582.0,16,225,0,0.0,0,1,1,0,0,0,0,0,0
0.0,586.0,16,226,0,0.0,0,2,1,0,0,0,0,0,0
0.0,582.0,16,225,0,0.0,0,1,1,0,0,0,0,0,0
0.0,582.0,16,225,0,0.0,1,1,1,0,0,0,0,0,0
0.0,586.0,16,226,0,0.0,0,2,1,0,0,0,0,0,0
0.0,582.0,16,225,0,0.0,1,1,1,0,0,0,0,0,0
0.0,586.0,16,226,0,0.0,0,2,1,0,0,0,0,0,0
0.0,582.0,16,225,0,0.0,1,1,1,0,0,0,0,0,0
0.0,287.0,2,9,0,13244.4,1,2,0,0,0,0,1,0,0
0.0,582.0,16,225,0,0.0,0,1,1,0,0,0,0,0,0
0.0,582.0,16,225,0,0.0,1,1,1,0,0,0,0,0,0
0.0,287.0,3,9,35562,16800.6,1,2,0,1,0,0,0,0,0
0.0,586.0,16,226,0,0.0,1,2,1,0,0,0,0,0,0
0.0,287.0,2,9,0,13431.5,1,2,0,0,0,0,1,0,0
0.0,287.0,3,9,33688,16800.3,1,2,0,1,0,0,0,0,0
0.0,287.0,3,9,33688,16816.9,1,2,0,1,0,0,0,0,0
0.0,586.0,16,226,0,0.0,1,2,1,0,0,0,0,0,0
0.0,586.0,16,226,0,0.0,1,2,1,0,0,0,0,0,0
1.0,598.0,16,226,0,0.0,0,2,1,0,0,0,0,0,0
0.0,296.0,2,9,0,16816.9,1,2,0,0,0,0,1,0,0
0.0,598.0,16,226,0,0.0,1,2,1,0,0,0,0,0,0
0.0,592.0,16,225,0,0.0,1,1,1,0,0,0,0,0,0
0.0,296.0,3,9,31814,16638.7,1,2,0,1,0,0,0,0,0
0.0,296.0,2,9,0,16638.7,1,2,0,0,0,0,1,0,0
0.0,592.0,16,225,0,0.0,0,1,1,0,0,0,0,0,0
0.0,296.0,3,9,33688,16844.0,1,2,0,1,0,0,0,0,0
0.0,592.0,16,225,0,0.0,1,1,1,0,0,0,0,0,0
0.0,296.0,2,9,0,16844.0,1,2,0,0,0,0,1,0,0
0.0,296.0,3,9,31875,20031.5,1,2,0,1,0,0,0,0,0
0.0,296.0,2,9,0,16475.3,1,2,0,0,0,0,1,0,0
0.0,598.0,16,226,0,0.0,0,2,1,0,0,0,0,0,0
0.0,598.0,16,226,0,0.0,0,2,1,0,0,0,0,0,0
0.0,598.0,16,226,0,0.0,1,2,1,0,0,0,0,0,0
0.0,592.0,16,225,0,0.0,0,1,1,0,0,0,0,0,0
0.0,598.0,16,226,0,0.0,1,2,1,0,0,0,0,0,0
0.0,598.0,16,226,0,0.0,0,2,1,0,0,0,0,0,0
0.0,598.0,16,226,0,0.0,1,2,1,0,0,0,0,0,0
0.0,598.0,16,226,0,0.0,1,2,1,0,0,0,0,0,0
0.0,598.0,16,226,0,0.0,0,2,1,0,0,0,0,0,0
0.0,592.0,16,225,0,0.0,0,1,1,0,0,0,0,0,0
0.0,296.0,2,9,0,16475.3,1,2,0,0,0,0,1,0,0
0.0,296.0,3,9,33688,16475.3,1,2,0,1,0,0,0,0,0
0.0,592.0,16,225,0,0.0,1,1,1,0,0,0,0,0,0
0.0,592.0,16,225,0,0.0,0,1,1,0,0,0,0,0,0
0.0,592.0,16,225,0,0.0,0,1,1,0,0,0,0,0,0
0.0,592.0,16,225,0,0.0,1,1,1,0,0,0,0,0,0
0.0,598.0,16,226,0,0.0,0,2,1,0,0,0,0,0,0
0.0,592.0,16,225,0,0.0,1,1,1,0,0,0,0,0,0
0.0,598.0,16,226,0,0.0,1,2,1,0,0,0,0,0,0
1.0,298.0,2,9,0,13106.5,1,2,0,0,0,0,1,0,0
0.0,600.0,16,226,0,0.0,1,2,1,0,0,0,0,0,0
0.0,595.0,16,225,0,0.0,1,1,1,0,0,0,0,0,0
0.0,600.0,16,226,0,0.0,1,2,1,0,0,0,0,0,0
0.0,600.0,16,226,0,0.0,0,2,1,0,0,0,0,0,0
0.0,600.0,16,226,0,0.0,1,2,1,0,0,0,0,0,0
0.0,595.0,16,225,0,0.0,1,1,1,0,0,0,0,0,0
0.0,595.0,16,225,0,0.0,0,1,1,0,0,0,0,0,0
0.0,600.0,16,226,0,0.0,0,2,1,0,0,0,0,0,0
0.0,298.0,3,9,33471,16453.6,1,2,0,1,0,0,0,0,0
0.0,600.0,16,226,0,0.0,0,2,1,0,0,0,0,0,0
0.0,600.0,16,226,0,0.0,1,2,1,0,0,0,0,0,0
0.0,600.0,16,226,0,0.0,0,2,1,0,0,0,0,0,0
0.0,595.0,16,225,0,0.0,1,1,1,0,0,0,0,0,0
0.0,298.0,2,9,0,13272.2,1,2,0,0,0,0,1,0,0
0.0,595.0,16,225,0,0.0,1,1,1,0,0,0,0,0,0
0.0,595.0,16,225,0,0.0,0,1,1,0,0,0,0,0,0
0.0,298.0,3,9,33510,16623.2,1,2,0,1,0,0,0,0,0
0.0,595.0,16,225,0,0.0,0,1,1,0,0,0,0,0,0
0.0,595.0,16,225,0,0.0,0,1,1,0,0,0,0,0,0
1.0,597.0,16,225,0,0.0,0,1,1,0,0,0,0,0,0
0.0,597.0,16,225,0,0.0,0,1,1,0,0,0,0,0,0
0.0,597.0,16,225,0,0.0,1,1,1,0,0,0,0,0,0
0.0,300.0,3,9,33686,16623.0,1,2,0,1,0,0,0,0,0
0.0,601.0,16,226,0,0.0,0,2,1,0,0,0,0,0,0
0.0,597.0,16,225,0,0.0,1,1,1,0,0,0,0,0,0
0.0,300.0,3,9,33688,19991.8,1,2,0,1,0,0,0,0,0
0.0,601.0,16,226,0,0.0,1,2,1,0,0,0,0,0,0
0.0,601.0,16,226,0,0.0,0,2,1,0,0,0,0,0,0
0.0,300.0,2,9,0,16804.3,1,2,0,0,0,0,1,0,0
0.0,597.0,16,225,0,0.0,0,1,1,0,0,0,0,0,0
0.0,601.0,16,226,0,0.0,1,2,1,0,0,0,0,0,0
0.0,597.0,16,225,0,0.0,1,1,1,0,0,0,0,0,0
0.0,601.0,16,226,0,0.0,1,2,1,0,0,0,0,0,0
0.0,597.0,16,225,0,0.0,0,1,1,0,0,0,0,0,0
0.0,601.0,16,226,0,0.0,0,2,1,0,0,0,0,0,0
0.0,601.0,16,226,0,0.0,1,2,1,0,0,0,0,0,0
0.0,597.0,16,225,0,0.0,1,1,1,0,0,0,0,0,0
0.0,300.0,2,9,0,16804.3,1,2,0,0,0,0,1,0,0
1.0,604.0,16,225,0,0.0,1,1,1,0,0,0,0,0,0
0.0,609.0,16,226,0,0.0,1,2,1,0,0,0,0,0,0
0.0,604.0,16,225,0,0.0,0,1,1,0,0,0,0,0,0
0.0,302.0,3,9,33688,20173.1,1,2,0,1,0,0,0,0,0
0.0,609.0,16,226,0,0.0,1,2,1,0,0,0,0,0,0
0.0,604.0,16,225,0,0.0,1,1,1,0,0,0,0,0,0
0.0,604.0,16,225,0,0.0,1,1,1,0,0,0,0,0,0
0.0,302.0,2,9,0,16804.3,1,2,0,0,0,0,1,0,0
0.0,609.0,16,226,0,0.0,1,2,1,0,0,0,0,0,0
0.0,604.0,16,225,0,0.0,1,1,1,0,0,0,0,0,0
0.0,604.0,16,225,0,0.0,0,1,1,0,0,0,0,0,0
0.0,609.0,16,226,0,0.0,0,2,1,0,0,0,0,0,0
0.0,604.0,16,225,0,0.0,0,1,1,0,0,0,0,0,0
0.0,609.0,16,226,0,0.0,0,2,1,0,0,0,0,0,0
0.0,604.0,16,225,0,0.0,0,1,1,0,0,0,0,0,0
0.0,609.0,16,226,0,0.0,0,2,1,0,0,0,0,0,0
0.0,609.0,16,226,0,0.0,0,2,1,0,0,0,0,0,0
0.0,302.0,2,9,0,16804.3,1,2,0,0,0,0,1,0,0
0.0,302.0,3,9,33688,16826.0,1,2,0,1,0,0,0,0,0
0.0,609.0,16,226,0,0.0,1,2,1,0,0,0,0,0,0
1.0,609.0,16,225,0,0.0,0,1,1,0,0,0,0,0,0
0.0,612.0,16,226,0,0.0,0,2,1,0,0,0,0,0,0
0.0,609.0,16,225,0,0.0,1,1,1,0,0,0,0,0,0
0.0,306.0,3,9,33688,20194.8,1,2,0,1,0,0,0,0,0
0.0,306.0,2,9,0,16843.8,1,2,0,0,0,0,1,0,0
0.0,612.0,16,226,0,0.0,1,2,1,0,0,0,0,0,0
0.0,612.0,16,226,0,0.0,1,2,1,0,0,0,0,0,0
0.0,609.0,16,225,0,0.0,1,1,1,0,0,0,0,0,0
0.0,306.0,3,9,33903,16865.5,1,2,0,1,0,0,0,0,0
0.0,609.0,16,225,0,0.0,1,1,1,0,0,0,0,0,0
0.0,612.0,16,226,0,0.0,0,2,1,0,0,0,0,0,0
0.0,612.0,16,226,0,0.0,0,2,1,0,0,0,0,0,0
0.0,612.0,16,226,0,0.0,1,2,1,0,0,0,0,0,0
0.0,609.0,16,225,0,0.0,0,1,1,0,0,0,0,0,0
0.0,612.0,16,226,0,0.0,1,2,1,0,0,0,0,0,0
0.0,612.0,16,226,0,0.0,0,2,1,0,0,0,0,0,0
0.0,609.0,16,225,0,0.0,1,1,1,0,0,0,0,0,0
0.0,612.0,16,226,0,0.0,0,2,1,0,0,0,0,0,0
0.0,609.0,16,225,0,0.0,0,1,1,0,0,0,0,0,0
0.0,306.0,2,9,0,13496.7,1,2,0,0,0,0,1,0,0
0.0,612.0,16,226,0,0.0,0,2,1,0,0,0,0,0,0
0.0,609.0,16,225,0,0.0,0,1,1,0,0,0,0,0,0
0.0,306.0,3,9,33683,16865.0,1,2,0,1,0,0,0,0,0
0.0,306.0,2,9,0,16865.0,1,2,0,0,0,0,1,0,0
0.0,612.0,16,226,0,0.0,1,2,1,0,0,0,0,0,0
0.0,609.0,16,225,0,0.0,0,1,1,0,0,0,0,0,0
0.0,609.0,16,225,0,0.0,1,1,1,0,0,0,0,0,0
0.0,609.0,16,225,0,0.0,1,1,1,0,0,0,0,0,0
0.0,609.0,16,225,0,0.0,0,1,1,0,0,0,0,0,0
1.0,618.0,16,226,0,0.0,1,2,1,0,0,0,0,0,0
0.0,612.0,16,225,0,0.0,0,1,1,0,0,0,0,0,0
0.0,612.0,16,225,0,0.0,1,1,1,0,0,0,0,0,0
0.0,306.0,3,9,33471,16843.3,1,2,0,1,0,0,0,0,0
0.0,612.0,16,225,0,0.0,1,1,1,0,0,0,0,0,0
0.0,618.0,16,226,0,0.0,0,2,1,0,0,0,0,0,0
0.0,612.0,16,225,0,0.0,0,1,1,0,0,0,0,0,0
0.0,618.0,16,226,0,0.0,0,2,1,0,0,0,0,0,0
0.0,306.0,2,9,0,16843.3,1,2,0,0,0,0,1,0,0
0.0,618.0,16,226,0,0.0,0,2,1,0,0,0,0,0,0
0.0,618.0,16,226,0,0.0,1,2,1,0,0,0,0,0,0
0.0,618.0,16,226,0,0.0,1,2,1,0,0,0,0,0,0
1.0,613.0,16,225,0,0.0,1,1,1,0,0,0,0,0,0
0.0,613.0,16,225,0,0.0,0,1,1,0,0,0,0,0,0
0.0,613.0,16,225,0,0.0,0,1,1,0,0,0,0,0,0
0.0,613.0,16,225,0,0.0,1,1,1,0,0,0,0,0,0
0.0,613.0,16,225,0,0.0,0,1,1,0,0,0,0,0,0
0.0,616.0,16,226,0,0.0,1,2,1,0,0,0,0,0,0
0.0,613.0,16,225,0,0.0,0,1,1,0,0,0,0,0,0
0.0,616.0,16,226,0,0.0,1,2,1,0,0,0,0,0,0
0.0,613.0,16,225,0,0.0,1,1,1,0,0,0,0,0,0
0.0,616.0,16,226,0,0.0,0,2,1,0,0,0,0,0,0
0.0,308.0,2,9,0,16843.3,1,2,0,0,0,0,1,0,0
0.0,616.0,16,226,0,0.0,0,2,1,0,0,0,0,0,0
0.0,616.0,16,226,0,0.0,0,2,1,0,0,0,0,0,0
0.0,613.0,16,225,0,0.0,1,1,1,0,0,0,0,0,0
0.0,308.0,3,9,33688,16843.3,1,2,0,1,0,0,0,0,0
0.0,308.0,2,9,0,13474.5,1,2,0,0,0,0,1,0,0
0.0,616.0,16,226,0,0.0,1,2,1,0,0,0,0,0,0
0.0,308.0,3,9,33683,16842.8,1,2,0,1,0,0,0,0,0
5.0,602.0,6,225,0,0.0,0,1,1,0,0,0,0,0,0
0.0,602.0,6,225,0,0.0,1,1,1,0,0,0,0,0,0
0.0,302.0,3,9,33421,16794.6,1,2,0,1,0,0,0,0,0
0.0,608.0,8,226,0,0.0,1,0,1,0,0,0,0,0,0
0.0,608.0,4,226,0,0.0,1,2,1,0,0,0,0,0,0
0.0,608.0,6,226,0,0.0,1,2,1,0,0,0,0,0,0
0.0,302.0,2,9,0,16794.6,1,2,0,0,0,0,1,0,0
0.0,608.0,4,226,0,0.0,0,2,1,0,0,0,0,0,0
0.0,608.0,6,226,0,0.0,0,2,1,0,0,0,0,0,0
1.0,606.0,6,225,0,0.0,0,1,1,0,0,0,0,0,0
0.0,610.0,6,226,0,0.0,0,2,1,0,0,0,0,0,0
0.0,610.0,6,226,0,0.0,1,2,1,0,0,0,0,0,0
0.0,304.0,2,9,0,13426.3,1,2,0,0,0,0,1,0,0
0.0,304.0,3,9,31364,16562.7,1,2,0,1,0,0,0,0,0
0.0,606.0,4,225,0,0.0,1,1,1,0,0,0,0,0,0
0.0,606.0,4,225,0,0.0,0,1,1,0,0,0,0,0,0
0.0,606.0,6,225,0,0.0,1,1,1,0,0,0,0,0,0
1.0,609.0,4,225,0,0.0,0,1,1,0,0,0,0,0,0
0.0,609.0,4,225,0,0.0,1,1,1,0,0,0,0,0,0
0.0,306.0,3,9,32352,16450.8,1,2,0,1,0,0,0,0,0
0.0,613.0,4,226,0,0.0,1,2,1,0,0,0,0,0,0
0.0,306.0,2,9,0,16450.8,1,2,0,0,0,0,1,0,0
0.0,613.0,4,226,0,0.0,0,2,1,0,0,0,0,0,0
0.0,613.0,16,226,111,11.1,1,2,0,1,0,0,0,0,0
0.0,609.0,16,225,111,11.1,1,1,0,1,0,0,0,0,0
1.0,617.0,6,226,0,11.1,1,2,1,0,0,0,0,0,0
0.0,617.0,4,226,0,11.1,0,2,1,0,0,0,0,0,0
0.0,308.0,2,9,0,16450.8,1,2,0,0,0,0,1,0,0
0.0,613.0,4,225,0,11.1,0,1,1,0,0,0,0,0,0
0.0,613.0,4,225,0,11.1,1,1,1,0,0,0,0,0,0
0.0,613.0,6,225,0,11.1,1,1,1,0,0,0,0,0,0
0.0,308.0,3,9,34604,16542.4,1,2,0,1,0,0,0,0,0
0.0,617.0,6,226,0,11.1,0,2,1,0,0,0,0,0,0
0.0,617.0,4,226,0,11.1,1,2,1,0,0,0,0,0,0
0.0,613.0,6,225,0,11.1,0,1,1,0,0,0,0,0,0
1.0,611.0,6,226,0,11.1,1,2,1,0,0,0,0,0,0
0.0,608.0,6,225,0,11.1,0,1,1,0,0,0,0,0,0
0.0,608.0,6,225,0,11.1,1,1,1,0,0,0,0,0,0
0.0,611.0,6,226,0,11.1,0,2,1,0,0,0,0,0,0
1.0,603.0,1,225,61,17.2,0,1,0,1,0,0,0,0,0
0.0,603.0,1,225,61,23.3,1,1,0,1,0,0,0,0,0
0.0,603.0,4,225,0,23.3,1,1,1,0,0,0,0,0,0
0.0,603.0,6,225,0,12.2,1,1,1,0,0,0,0,0,0
0.0,607.0,6,226,0,11.1,1,2,1,0,0,0,0,0,0
0.0,310.0,2,9,0,16542.4,1,2,0,0,0,0,1,0,0
0.0,310.0,2,9,0,13174.1,1,2,0,0,0,0,1,0,0
0.0,607.0,1,226,61,17.2,1,2,0,1,0,0,0,0,0
0.0,607.0,4,226,0,17.2,0,2,1,0,0,0,0,0,0
0.0,310.0,3,9,32348,13066.8,1,2,0,1,0,0,0,0,0
0.0,603.0,4,225,0,12.2,1,1,1,0,0,0,0,0,0
0.0,607.0,4,226,0,6.1,1,2,1,0,0,0,0,0,0
0.0,607.0,4,226,0,6.1,1,2,1,0,0,0,0,0,0
0.0,603.0,4,225,0,12.2,0,1,1,0,0,0,0,0,0
0.0,607.0,1,226,61,12.2,0,2,0,1,0,0,0,0,0
0.0,310.0,3,9,34236,16490.4,1,2,0,1,0,0,0,0,0
0.0,607.0,6,226,0,12.2,0,2,1,0,0,0,0,0,0
0.0,603.0,6,225,0,12.2,0,1,1,0,0,0,0,0,0
0.0,607.0,4,226,0,12.2,0,2,1,0,0,0,0,0,0
0.0,603.0,4,225,0,12.2,0,1,1,0,0,0,0,0,0
1.0,599.0,4,226,0,12.2,0,2,1,0,0,0,0,0,0
0.0,595.0,4,225,0,12.2,1,1,1,0,0,0,0,0,0
0.0,595.0,4,225,0,12.2,0,1,1,0,0,0,0,0,0
0.0,309.0,2,9,0,16490.4,1,2,0,0,0,0,1,0,0
0.0,599.0,4,226,0,12.2,1,2,1,0,0,0,0,0,0
0.0,309.0,3,9,32348,16588.8,1,2,0,1,0,0,0,0,0
1.0,594.0,4,226,0,12.2,0,2,1,0,0,0,0,0,0
0.0,594.0,4,226,0,6.1,1,2,1,0,0,0,0,0,0
0.0,590.0,6,225,0,6.1,0,1,1,0,0,0,0,0,0
0.0,312.0,2,9,0,13353.6,1,2,0,0,0,0,1,0,0
0.0,312.0,2,9,0,13353.6,1,2,0,0,0,0,1,0,0
0.0,590.0,4,225,0,0.0,1,1,1,0,0,0,0,0,0
0.0,594.0,4,226,0,6.1,0,2,1,0,0,0,0,0,0
0.0,594.0,4,226,0,6.1,1,2,1,0,0,0,0,0,0
0.0,590.0,6,225,0,0.0,1,1,1,0,0,0,0,0,0
0.0,594.0,6,226,0,6.1,1,2,1,0,0,0,0,0,0
0.0,590.0,4,225,0,0.0,1,1,1,0,0,0,0,0,0
0.0,590.0,6,225,0,0.0,0,1,1,0,0,0,0,0,0
0.0,594.0,4,226,0,0.0,0,2,1,0,0,0,0,0,0
0.0,590.0,4,225,0,0.0,1,1,1,0,0,0,0,0,0
0.0,590.0,4,225,0,0.0,0,1,1,0,0,0,0,0,0
0.0,590.0,4,225,0,0.0,0,1,1,0,0,0,0,0,0
0.0,312.0,3,9,36801,17033.7,1,2,0,1,0,0,0,0,0
0.0,590.0,6,225,0,0.0,1,1,1,0,0,0,0,0,0
0.0,594.0,6,226,0,0.0,0,2,1,0,0,0,0,0,0
0.0,594.0,6,226,0,0.0,0,2,1,0,0,0,0,0,0
0.0,594.0,6,226,0,0.0,1,2,1,0,0,0,0,0,0
0.0,594.0,4,226,0,0.0,1,2,1,0,0,0,0,0,0
0.0,312.0,3,9,36436,17216.9,1,2,0,1,0,0,0,0,0
1.0,312.0,3,9,32348,20451.7,1,2,0,1,0,0,0,0,0
0.0,579.0,4,225,0,0.0,1,1,1,0,0,0,0,0,0
0.0,583.0,4,226,0,0.0,0,2,1,0,0,0,0,0,0
0.0,312.0,2,9,0,20451.7,1,2,0,0,0,0,1,0,0
0.0,579.0,4,225,0,0.0,0,1,1,0,0,0,0,0,0
0.0,579.0,4,225,0,0.0,0,1,1,0,0,0,0,0,0
0.0,583.0,4,226,0,0.0,1,2,1,0,0,0,0,0,0
1.0,312.0,3,9,36436,20860.5,1,2,0,1,0,0,0,0,0
0.0,573.0,4,225,0,0.0,1,1,1,0,0,0,0,0,0
0.0,573.0,6,225,0,0.0,0,1,1,0,0,0,0,0,0
0.0,577.0,6,226,0,0.0,1,2,1,0,0,0,0,0,0
0.0,573.0,4,225,0,0.0,0,1,1,0,0,0,0,0,0
0.0,573.0,6,225,0,0.0,1,1,1,0,0,0,0,0,0
0.0,577.0,4,226,0,0.0,0,2,1,0,0,0,0,0,0
0.0,577.0,4,226,0,0.0,1,2,1,0,0,0,0,0,0
0.0,577.0,6,226,0,0.0,0,2,1,0,0,0,0,0,0
0.0,312.0,2,9,0,17436.9,1,2,0,0,0,0,1,0,0
1.0,563.0,16,226,0,0.0,1,2,1,0,0,0,0,0,0
0.0,563.0,16,226,0,0.0,0,2,1,0,0,0,0,0,0
0.0,559.0,16,225,0,0.0,1,1,1,0,0,0,0,0,0
0.0,311.0,2,9,0,17436.9,1,2,0,0,0,0,1,0,0
0.0,559.0,6,225,0,0.0,0,1,1,0,0,0,0,0,0
0.0,559.0,6,225,0,0.0,1,1,1,0,0,0,0,0,0
0.0,563.0,6,226,0,0.0,0,2,1,0,0,0,0,0,0
0.0,563.0,6,226,0,0.0,1,2,1,0,0,0,0,0,0
0.0,311.0,3,9,37660,17968.1,1,2,0,1,0,0,0,0,0
0.0,559.0,16,225,0,0.0,0,1,1,0,0,0,0,0,0
1.0,311.0,3,9,32354,21203.5,1,2,0,1,0,0,0,0,0
0.0,559.0,16,226,0,0.0,0,2,1,0,0,0,0,0,0
0.0,555.0,6,225,0,0.0,1,1,1,0,0,0,0,0,0
0.0,559.0,6,226,0,0.0,0,2,1,0,0,0,0,0,0
0.0,555.0,4,225,0,0.0,0,1,1,0,0,0,0,0,0
0.0,555.0,4,225,0,0.0,1,1,1,0,0,0,0,0,0
0.0,559.0,4,226,0,0.0,0,2,1,0,0,0,0,0,0
0.0,555.0,6,225,0,0.0,0,1,1,0,0,0,0,0,0
0.0,555.0,16,225,0,0.0,1,1,1,0,0,0,0,0,0
0.0,311.0,2,9,0,21203.5,1,2,0,0,0,0,1,0,0
0.0,559.0,6,226,0,0.0,1,2,1,0,0,0,0,0,0
0.0,555.0,16,225,0,0.0,0,1,1,0,0,0,0,0,0
0.0,559.0,16,226,0,0.0,1,2,1,0,0,0,0,0,0
0.0,559.0,4,226,0,0.0,1,2,1,0,0,0,0,0,0
1.0,545.0,4,225,0,0.0,1,1,1,0,0,0,0,0,0
0.0,545.0,4,225,0,0.0,0,1,1,0,0,0,0,0,0
0.0,311.0,2,9,0,17523.4,1,2,0,0,0,0,1,0,0
0.0,545.0,16,225,0,0.0,1,1,1,0,0,0,0,0,0
0.0,549.0,4,226,0,0.0,1,2,1,0,0,0,0,0,0
0.0,549.0,16,226,0,0.0,1,2,1,0,0,0,0,0,0
0.0,549.0,4,226,0,0.0,0,2,1,0,0,0,0,0,0
0.0,549.0,16,226,0,0.0,0,2,1,0,0,0,0,0,0
0.0,311.0,3,9,36324,17512.2,1,2,0,1,0,0,0,0,0
1.0,312.0,3,9,36772,17954.6,1,2,0,1,0,0,0,0,0
0.0,312.0,2,9,0,17954.6,1,2,0,0,0,0,1,0,0
0.0,537.0,16,225,0,0.0,0,1,1,0,0,0,0,0,0
1.0,529.0,4,226,0,0.0,1,2,1,0,0,0,0,0,0
0.0,529.0,4,226,0,0.0,0,2,1,0,0,0,0,0,0
0.0,525.0,4,225,0,0.0,0,1,1,0,0,0,0,0,0
0.0,525.0,4,225,0,0.0,1,1,1,0,0,0,0,0,0
1.0,516.0,8,226,0,0.0,1,0,1,0,0,0,0,0,0
2.0,485.0,7,225,86,8.6,0,1,0,1,0,0,0,0,0
0.0,485.0,7,225,86,17.2,1,1,0,1,0,0,0,0,0
0.0,490.0,7,226,86,8.6,1,2,0,1,0,0,0,0,0
0.0,490.0,7,226,86,17.2,0,2,0,1,0,0,0,0,0
1.0,304.0,2,9,0,14311.0,1,2,0,0,0,0,1,0,0
0.0,477.0,7,225,92,26.4,1,1,0,1,0,0,0,0,0
0.0,477.0,7,225,92,35.6,0,1,0,1,0,0,0,0,0
0.0,304.0,3,9,31627,17473.7,1,2,0,1,0,0,0,0,0
0.0,477.0,5,225,44,40.0,0,1,0,0,1,0,0,0,0
0.0,304.0,3,9,35270,21000.7,1,2,0,1,0,0,0,0,0
0.0,482.0,5,226,44,21.6,0,2,0,0,1,0,0,0,0
0.0,477.0,5,225,44,44.4,1,1,0,0,1,0,0,0,0
0.0,477.0,5,225,41,48.5,0,1,0,0,1,0,0,0,0
0.0,482.0,5,226,41,25.7,0,2,0,0,1,0,0,0,0
0.0,482.0,7,226,92,34.9,0,2,0,1,0,0,0,0,0
0.0,477.0,5,225,41,52.6,1,1,0,0,1,0,0,0,0
0.0,304.0,2,9,0,17234.7,1,2,0,0,0,0,1,0,0
0.0,482.0,7,226,92,44.1,1,2,0,1,0,0,0,0,0
0.0,482.0,5,226,44,48.5,1,2,0,0,1,0,0,0,0
0.0,482.0,5,226,41,52.6,1,2,0,0,1,0,0,0,0
1.0,469.0,7,225,78,60.4,0,1,0,1,0,0,0,0,0
0.0,469.0,7,225,78,68.2,1,1,0,1,0,0,0,0,0
0.0,474.0,7,226,78,60.4,1,2,0,1,0,0,0,0,0
0.0,474.0,7,226,78,68.2,0,2,0,1,0,0,0,0,0
1.0,474.0,5,226,37,63.3,1,2,0,0,1,0,0,0,0
0.0,474.0,5,226,37,58.4,0,2,0,0,1,0,0,0,0
0.0,469.0,5,225,37,63.3,1,1,0,0,1,0,0,0,0
0.0,469.0,5,225,37,58.4,0,1,0,0,1,0,0,0,0
0.0,469.0,7,225,74,56.6,0,1,0,1,0,0,0,0,0
0.0,284.0,3,9,35268,17526.1,1,2,0,1,0,0,0,0,0
0.0,474.0,7,226,74,61.4,1,2,0,1,0,0,0,0,0
0.0,474.0,7,226,74,64.7,0,2,0,1,0,0,0,0,0
0.0,469.0,7,225,74,54.8,1,1,0,1,0,0,0,0,0
0.0,284.0,2,9,0,17526.1,1,2,0,0,0,0,1,0,0
1.0,468.0,5,226,35,59.0,1,2,0,0,1,0,0,0,0
0.0,468.0,5,226,35,53.3,0,2,0,0,1,0,0,0,0
0.0,463.0,5,225,35,53.9,1,1,0,0,1,0,0,0,0
0.0,463.0,5,225,35,53.0,0,1,0,0,1,0,0,0,0
0.0,282.0,2,9,0,17526.1,1,2,0,0,0,0,1,0,0
0.0,468.0,7,226,126,61.5,0,2,0,1,0,0,0,0,0
0.0,463.0,7,225,126,61.5,0,1,0,1,0,0,0,0,0
0.0,463.0,5,225,61,63.5,1,1,0,0,1,0,0,0,0
0.0,282.0,3,9,35280,17421.7,1,2,0,1,0,0,0,0,0
0.0,463.0,5,225,61,61.8,0,1,0,0,1,0,0,0,0
0.0,282.0,2,9,0,13744.5,1,2,0,0,0,0,1,0,0
0.0,468.0,5,226,61,63.5,0,2,0,0,1,0,0,0,0
0.0,468.0,5,226,61,61.8,1,2,0,0,1,0,0,0,0
0.0,463.0,7,225,126,66.6,1,1,0,1,0,0,0,0,0
0.0,468.0,7,226,126,66.6,1,2,0,1,0,0,0,0,0
0.0,282.0,3,9,35268,17271.3,1,2,0,1,0,0,0,0,0
1.0,455.0,7,225,80,70.9,1,1,0,1,0,0,0,0,0
0.0,455.0,7,225,80,75.2,0,1,0,1,0,0,0,0,0
0.0,459.0,7,226,80,70.9,0,2,0,1,0,0,0,0,0
0.0,279.0,3,9,35268,20798.1,1,2,0,1,0,0,0,0,0
0.0,455.0,5,225,38,71.6,1,1,0,0,1,0,0,0,0
0.0,459.0,5,226,38,71.0,0,2,0,0,1,0,0,0,0
0.0,459.0,7,226,80,71.6,1,2,0,1,0,0,0,0,0
0.0,279.0,2,9,0,17635.4,1,2,0,0,0,0,1,0,0
0.0,459.0,5,226,38,68.0,1,2,0,0,1,0,0,0,0
0.0,455.0,5,225,38,68.0,0,1,0,0,1,0,0,0,0
1.0,449.0,7,225,104,74.9,1,1,0,1,0,0,0,0,0
0.0,453.0,7,226,104,74.9,0,2,0,1,0,0,0,0,0
0.0,274.0,2,9,0,14108.4,1,2,0,0,0,0,1,0,0
0.0,449.0,5,225,50,76.4,0,1,0,0,1,0,0,0,0
0.0,449.0,7,225,106,74.4,0,1,0,1,0,0,0,0,0
0.0,453.0,7,226,104,81.8,1,2,0,1,0,0,0,0,0
0.0,449.0,7,225,106,78.9,1,1,0,1,0,0,0,0,0
0.0,453.0,5,226,50,74.2,1,2,0,0,1,0,0,0,0
0.0,453.0,5,226,50,73.1,0,2,0,0,1,0,0,0,0
0.0,453.0,7,226,106,77.6,0,2,0,1,0,0,0,0,0
0.0,449.0,7,225,104,83.2,0,1,0,1,0,0,0,0,0
0.0,449.0,5,225,50,75.6,1,1,0,0,1,0,0,0,0
0.0,274.0,3,9,35280,17636.4,1,2,0,1,0,0,0,0,0
0.0,453.0,7,226,106,75.6,1,2,0,1,0,0,0,0,0
1.0,441.0,5,226,51,72.7,1,2,0,0,1,0,0,0,0
0.0,441.0,5,226,51,74.0,0,2,0,0,1,0,0,0,0
0.0,437.0,5,225,51,72.7,1,1,0,0,1,0,0,0,0
0.0,437.0,5,225,51,69.8,0,1,0,0,1,0,0,0,0
0.0,269.0,3,9,35280,17637.6,1,2,0,1,0,0,0,0,0
0.0,269.0,2,9,0,17637.6,1,2,0,0,0,0,1,0,0
1.0,429.0,7,225,110,77.0,1,1,0,1,0,0,0,0,0
0.0,433.0,7,226,110,77.0,0,2,0,1,0,0,0,0,0
0.0,433.0,5,226,53,78.5,0,2,0,0,1,0,0,0,0
0.0,263.0,2,9,0,17637.6,1,2,0,0,0,0,1,0,0
0.0,429.0,5,225,53,78.5,1,1,0,0,1,0,0,0,0
0.0,263.0,3,9,35280,17637.6,1,2,0,1,0,0,0,0,0
0.0,429.0,5,225,53,73.4,0,1,0,0,1,0,0,0,0
0.0,433.0,5,226,53,73.4,1,2,0,0,1,0,0,0,0
0.0,429.0,7,225,110,79.4,0,1,0,1,0,0,0,0,0
0.0,433.0,7,226,110,74.0,1,2,0,1,0,0,0,0,0
1.0,258.0,2,9,0,17637.6,1,2,0,0,0,0,1,0,0
0.0,421.0,7,225,88,77.6,1,1,0,1,0,0,0,0,0
0.0,425.0,7,226,88,77.8,1,2,0,1,0,0,0,0,0
0.0,425.0,5,226,42,77.0,1,2,0,0,1,0,0,0,0
0.0,421.0,5,225,42,71.2,0,1,0,0,1,0,0,0,0
0.0,421.0,5,225,42,65.0,1,1,0,0,1,0,0,0,0
0.0,425.0,5,226,42,70.6,0,2,0,0,1,0,0,0,0
0.0,421.0,7,225,88,68.8,0,1,0,1,0,0,0,0,0
0.0,425.0,7,226,88,68.8,0,2,0,1,0,0,0,0,0
0.0,258.0,3,9,35268,17637.6,1,2,0,1,0,0,0,0,0
4.0,380.0,8,226,0,63.7,1,0,1,0,0,0,0,0,0
1.0,370.0,5,226,47,63.3,0,2,0,0,1,0,0,0,0
0.0,223.0,2,9,0,14110.8,1,2,0,0,0,0,1,0,0
0.0,367.0,5,225,47,68.4,1,1,0,0,1,0,0,0,0
0.0,367.0,5,225,47,68.0,0,1,0,0,1,0,0,0,0
0.0,223.0,3,9,34198,17530.6,1,2,0,1,0,0,0,0,0
0.0,370.0,5,226,47,57.0,1,2,0,0,1,0,0,0,0
1.0,362.0,5,226,48,56.5,0,2,0,0,1,0,0,0,0
0.0,357.0,5,225,48,61.8,1,1,0,0,1,0,0,0,0
0.0,357.0,5,225,48,61.3,0,1,0,0,1,0,0,0,0
0.0,362.0,5,226,48,56.0,1,2,0,0,1,0,0,0,0
1.0,352.0,5,226,49,49.9,0,2,0,0,1,0,0,0,0
0.0,347.0,5,225,49,60.9,1,1,0,0,1,0,0,0,0
0.0,210.0,3,9,36732,21203.8,1,2,0,1,0,0,0,0,0
0.0,347.0,5,225,49,54.8,0,1,0,0,1,0,0,0,0
0.0,352.0,5,226,49,46.0,1,2,0,0,1,0,0,0,0
0.0,210.0,2,9,0,17675.8,1,2,0,0,0,0,1,0,0
12.0,214.0,8,226,0,41.8,1,0,1,0,0,0,0,0,0
15.0,108.0,8,226,0,37.6,1,0,1,0,0,0,0,0,0
15.0,51.0,8,226,0,28.8,1,0,1,0,0,0,0,0,0
16.0,10.0,8,226,0,28.8,1,0,1,0,0,0,0,0,0
0.0,6.0,3,9,31390,17286.8,1,2,0,1,0,0,0,0,0
0.0,6.0,2,9,0,17286.8,1,2,0,0,0,0,1,0,0
15.0,4.0,8,226,0,24.1,1,0,1,0,0,0,0,0,0
15.0,4.0,8,226,0,19.4,1,0,1,0,0,0,0,0,0
15.0,4.0,8,226,0,14.6,1,0,1,0,0,0,0,0,0
15.0,5.0,8,226,0,9.8,1,0,1,0,0,0,0,0,0
15.0,5.0,8,226,0,4.9,1,0,1,0,0,0,0,0,0
7830.0,23.0,12,9,0,17286.8,1,2,0,0,0,1,0,0,0
0.0,23.0,13,9,0,13758.8,1,2,1,0,0,0,0,0,0
0.0,23.0,12,9,0,13758.8,1,2,1,0,0,0,0,0,0
0.0,23.0,10,9,0,10232.0,1,2,0,0,0,1,0,0,0
0.0,23.0,9,9,30,10235.0,1,2,0,1,0,0,0,0,0
0.0,23.0,9,9,0,6815.2,1,2,0,0,1,0,0,0,0
0.0,23.0,9,9,0,3142.0,1,2,0,0,1,0,0,0,0
0.0,23.0,9,9,0,3142.0,1,2,1,0,0,0,0,0,0
0.0,23.0,3,9,26974,2700.4,1,2,0,1,0,0,0,0,0
0.0,23.0,14,9,18,2702.2,1,2,0,1,0,0,0,0,0
0.0,23.0,12,9,25,2704.7,1,2,0,1,0,0,0,0,0
0.0,23.0,9,9,0,2704.7,1,2,0,0,0,1,0,0,0
0.0,23.0,9,9,30,2707.7,1,2,0,1,0,0,0,0,0
0.0,23.0,13,9,0,2707.7,1,2,0,0,0,1,0,0,0
0.0,23.0,15,9,13,2706.0,1,2,0,1,0,0,0,0,0
0.0,23.0,13,9,0,2706.0,1,2,0,0,1,0,0,0,0
0.0,23.0,12,9,25,2708.5,1,2,0,1,0,0,0,0,0
0.0,23.0,2,9,0,2708.5,1,2,0,0,0,0,1,0,0
0.0,23.0,11,9,0,11.1,1,2,1,0,0,0,0,0,0
0.0,23.0,12,9,25,11.8,1,2,0,1,0,0,0,0,0
0.0,23.0,15,9,0,9.3,1,2,0,0,1,0,0,0,0
0.0,23.0,12,9,0,9.3,1,2,0,0,0,1,0,0,0
0.0,23.0,12,9,0,6.3,1,2,0,0,0,1,0,0,0
1.0,52.0,15,9,13,7.6,1,2,0,1,0,0,0,0,0
0.0,52.0,12,9,25,8.8,1,2,0,1,0,0,0,0,0
0.0,52.0,3,9,25936,2602.4,1,2,0,1,0,0,0,0,0
0.0,52.0,10,9,0,2599.9,1,2,0,0,1,0,0,0,0
0.0,52.0,15,9,0,2599.9,1,2,1,0,0,0,0,0,0
0.0,52.0,10,9,0,2599.9,1,2,0,0,1,0,0,0,0
0.0,52.0,2,9,0,2597.4,1,2,0,0,0,0,1,0,0
0.0,52.0,14,9,0,2597.4,1,2,0,0,1,0,0,0,0
0.0,52.0,10,9,0,2597.4,1,2,0,0,0,1,0,0,0
0.0,52.0,11,9,0,2597.4,1,2,0,0,1,0,0,0,0
0.0,52.0,10,9,0,2596.1,1,2,1,0,0,0,0,0,0
0.0,52.0,12,9,0,2593.6,1,2,1,0,0,0,0,0,0
0.0,52.0,9,9,30,3.0,1,2,0,1,0,0,0,0,0
0.0,52.0,11,9,0,3.0,1,2,0,0,1,0,0,0,0
0.0,1.0,8,226,0,0.0,1,0,1,0,0,0,0,0,0
0.0,52.0,9,9,0,3.0,1,2,0,0,1,0,0,0,0
0.0,52.0,13,9,0,3.0,1,2,1,0,0,0,0,0,0
0.0,52.0,12,9,0,3.0,1,2,1,0,0,0,0,0,0
0.0,52.0,11,9,0,3.0,1,2,0,0,1,0,0,0,0
0.0,52.0,14,9,18,4.8,1,2,0,1,0,0,0,0,0
0.0,52.0,15,9,0,4.8,1,2,1,0,0,0,0,0,0
0.0,52.0,14,9,0,4.8,1,2,0,0,1,0,0,0,0
0.0,52.0,12,9,25,7.3,1,2,0,1,0,0,0,0,0
0.0,52.0,2,9,0,4.3,1,2,0,0,0,0,1,0,0
0.0,52.0,10,9,0,4.3,1,2,0,0,0,1,0,0,0
0.0,52.0,11,9,0,4.3,1,2,0,0,0,1,0,0,0
0.0,52.0,11,9,0,4.3,1,2,0,0,1,0,0,0,0
0.0,52.0,14,9,0,4.3,1,2,1,0,0,0,0,0,0
0.0,52.0,3,9,26157,2620.0,1,2,0,1,0,0,0,0,0
0.0,52.0,14,9,0,2618.2,1,2,0,0,0,1,0,0,0
1.0,81.0,12,9,25,2620.7,1,2,0,1,0,0,0,0,0
0.0,81.0,10,9,10,2621.7,1,2,0,1,0,0,0,0,0
0.0,81.0,11,9,0,2619.2,1,2,0,0,1,0,0,0,0
0.0,81.0,10,9,0,2619.2,1,2,0,0,1,0,0,0,0
0.0,81.0,15,9,0,2619.2,1,2,1,0,0,0,0,0,0
0.0,81.0,11,9,0,2619.2,1,2,1,0,0,0,0,0,0
0.0,81.0,13,9,0,2619.2,1,2,0,0,1,0,0,0,0
0.0,81.0,13,9,0,2619.2,1,2,1,0,0,0,0,0,0
0.0,81.0,9,9,30,6.5,1,2,0,1,0,0,0,0,0
0.0,81.0,2,9,0,6.5,1,2,0,0,0,0,1,0,0
0.0,81.0,9,9,0,4.0,1,2,1,0,0,0,0,0,0
0.0,81.0,10,9,0,3.0,1,2,0,0,1,0,0,0,0
0.0,81.0,10,9,0,3.0,1,2,0,0,0,1,0,0,0
0.0,81.0,13,9,17,4.7,1,2,0,1,0,0,0,0,0
0.0,81.0,13,9,0,4.7,1,2,0,0,0,1,0,0,0
0.0,81.0,12,9,0,4.7,1,2,1,0,0,0,0,0,0
0.0,81.0,10,9,0,4.7,1,2,1,0,0,0,0,0,0
0.0,81.0,14,9,0,4.7,1,2,1,0,0,0,0,0,0
0.0,81.0,12,9,0,1.7,1,2,1,0,0,0,0,0,0
0.0,81.0,10,9,0,1.7,1,2,0,0,0,1,0,0,0
0.0,81.0,9,9,30,4.7,1,2,0,1,0,0,0,0,0
0.0,81.0,14,9,18,6.5,1,2,0,1,0,0,0,0,0
0.0,81.0,11,9,0,6.5,1,2,0,0,0,1,0,0,0
0.0,81.0,9,9,0,4.8,1,2,0,0,0,1,0,0,0
0.0,81.0,9,9,0,4.8,1,2,1,0,0,0,0,0,0
0.0,81.0,2,9,0,4.8,1,2,0,0,0,0,1,0,0
0.0,81.0,3,9,26810,2685.8,1,2,0,1,0,0,0,0,0
0.0,81.0,10,9,0,2685.8,1,2,1,0,0,0,0,0,0
0.0,81.0,13,9,0,2685.8,1,2,0,0,1,0,0,0,0
1.0,107.0,11,9,0,2685.8,1,2,0,0,1,0,0,0,0
0.0,107.0,2,9,0,2682.8,1,2,0,0,0,0,1,0,0
0.0,107.0,9,9,0,2681.0,1,2,1,0,0,0,0,0,0
0.0,107.0,2,9,0,2681.0,1,2,0,0,0,0,1,0,0
0.0,107.0,15,9,0,2681.0,1,2,1,0,0,0,0,0,0
0.0,107.0,2,9,0,2681.0,1,2,0,0,0,0,1,0,0
0.0,107.0,14,9,0,2681.0,1,2,0,0,1,0,0,0,0
0.0,107.0,2,9,0,0.0,1,2,0,0,0,0,1,0,0
0.0,107.0,10,9,0,0.0,1,2,0,0,0,1,0,0,0
0.0,107.0,10,9,10,1.0,1,2,0,1,0,0,0,0,0
0.0,107.0,3,9,25543,2555.3,1,2,0,1,0,0,0,0,0
0.0,107.0,11,9,0,2555.3,1,2,0,0,1,0,0,0,0
0.0,107.0,2,9,0,2555.3,1,2,0,0,0,0,1,0,0
0.0,107.0,3,9,26199,5175.2,1,2,0,1,0,0,0,0,0
0.0,107.0,3,9,26617,7836.9,1,2,0,1,0,0,0,0,0
0.0,107.0,11,9,0,7836.9,1,2,1,0,0,0,0,0,0
0.0,107.0,3,9,26871,10524.0,1,2,0,1,0,0,0,0,0
0.0,107.0,13,9,17,10525.7,1,2,0,1,0,0,0,0,0
0.0,107.0,2,9,0,10525.7,1,2,0,0,0,0,1,0,0
0.0,107.0,9,9,0,10524.7,1,2,0,0,0,1,0,0,0
0.0,107.0,14,9,18,7972.2,1,2,0,1,0,0,0,0,0
0.0,107.0,3,9,26243,10596.5,1,2,0,1,0,0,0,0,0
0.0,107.0,13,9,17,10598.2,1,2,0,1,0,0,0,0,0
0.0,107.0,15,9,13,7979.6,1,2,0,1,0,0,0,0,0
0.0,107.0,9,9,30,5320.9,1,2,0,1,0,0,0,0,0
0.0,107.0,3,9,26417,7962.6,1,2,0,1,0,0,0,0,0
1.0,120.0,12,9,0,5275.5,1,2,0,0,1,0,0,0,0
0.0,120.0,3,9,26190,7892.8,1,2,0,1,0,0,0,0,0
0.0,120.0,11,9,0,7892.8,1,2,0,0,0,1,0,0,0
0.0,120.0,13,9,0,7892.8,1,2,1,0,0,0,0,0,0
0.0,120.0,9,9,0,7891.0,1,2,0,0,0,1,0,0,0
0.0,120.0,11,9,0,5266.7,1,2,0,0,0,1,0,0,0
0.0,120.0,14,9,0,5265.0,1,2,1,0,0,0,0,0,0
0.0,120.0,15,9,0,5263.7,1,2,0,0,0,1,0,0,0
0.0,120.0,2,9,0,5260.7,1,2,0,0,0,0,1,0,0
0.0,120.0,9,9,0,2619.0,1,2,0,0,0,1,0,0,0
0.0,120.0,11,9,0,2619.0,1,2,0,0,1,0,0,0,0
0.0,120.0,9,9,0,0.0,1,2,0,0,1,0,0,0,0
0.0,120.0,10,9,0,0.0,1,2,1,0,0,0,0,0,0
1.0,125.0,2,9,0,0.0,1,2,0,0,0,0,1,0,0
0.0,125.0,13,9,17,1.7,1,2,0,1,0,0,0,0,0
0.0,125.0,3,9,26514,2653.1,1,2,0,1,0,0,0,0,0
0.0,125.0,13,9,0,2653.1,1,2,0,0,0,1,0,0,0
0.0,125.0,11,9,0,2653.1,1,2,0,0,0,1,0,0,0
10.0,2.0,8,226,0,0.0,1,0,1,0,0,0,0,0,0
16.0,3.0,8,226,0,0.0,1,0,1,0,0,0,0,0,0
15.0,4.0,8,226,0,0.0,1,0,1,0,0,0,0,0,0
15.0,5.0,8,226,0,0.0,1,0,1,0,0,0,0,0,0
1.0,75.0,3,9,26728,5325.9,1,2,0,1,0,0,0,0,0
0.0,75.0,2,9,0,5325.9,1,2,0,0,0,0,1,0,0
